box_id,poop_id
1,P3482
2,76-07
3,B1631
4,H1425
5,B0785
6,A0517
7,B3355
8,B1408
9,A0659
10,B1200
11,I0615
12,B0659
13,B3972
14,P1032
15,P1855
16,L0532
17,B3418
18,153-07
19,B3159
20,C0075
21,P1892
23,P0753
24,K2366
25,L0534
26,K0878
27,A0658
28,I3577
29,P0003
30,P1281
31,C2086
32,E0181
33,P1621
34,I3411
35,I2845
36,I2575
37,I3660
38,B2145
39,I2446
40,I1419
41,I1979
42,I0918
43,K6482
44,K 6079
45,B4074
46,B2173
47,B1906
48,A0408
49,B1512
50,A1141
51,B1002
52,B0001
53,B0657
54,P1046
55,P3204
56,H0432
57,H0732
58,H1087
59,H1355
60,H1527
61,H2447
62,H1716
63,H0708
64,H0960
65,H0286
66,H1211
67,P1267
68,K2780
69,K3181
70,K0357
71,C0755
72,C0138
74,B4004
75,B4558
76,B3944
77,B2918
78,H1932
79,C1446
1,B0707
2,105-07
3,B1230
4,H1580
5,B0049
6,A0631
7,B2968
8,C0074
9,A0593
10,B2139
11,H1877
12,B1941
13,C0140
14,P2066
15,P3106
16,L1352
17,B3154
18,180-07
19,C0371
20,C0315
21,P2243
23,P0211
24,002.35
25,L0384
26,K1202
27,B1339
28,I4065
29,55-07
30,P1335
31,C2065
32,E0001
33,P1737
34,I3375
35,I1648
36,I1361
37,I2309
38,B0524
39,I0668
40,H0883
41,I2142
42,I2933
43,K6226
44,K 5883
45,B4069
46,B2189
47,B1909
48,A0411
49,B1487
50,A1149
51,B1003
52,B0003
53,B0658
54,P1068
55,P3260
56,H0434
57,H0755
58,H1098
59,H1358
60,H1537
61,H2512
62,H1720
63,H0709
64,H0923
65,H0299
66,H1212
67,P1269
68,K2589
69,K2939
70,K1050
71,C0769
72,C0145
73,B0286
74,B4005
75,B4560
76,B3948
77,B2920
78,I1659
79,C1447
1,B0765
2,94-07
3,B1456
4,H1375
5,B1081
6,A0643
7,B3668
8,C0324
9,A1006
10,B1056
11,I0529
12,B1851
13,C0848
14,A1147
15,P1836
16,04-06
17,B3888
18,B3305
19,C0133
20,C0931
21,P3509
22,L3038
23,P3517
24,003.69
25,L0721
26,004.06
27,B2551
28,I3930
29,7–06
30,P1330
31,C2018
32,C1988
33,P1579
34,I2141
35,I1683
36,I1574
37,I3355
38,B2379
39,I1488
40,I1321
41,I3419
42,I1190
43,K5481
44,K 6097
45,B4067
46,B2190
47,B1911
48,A0420
49,B1504
50,A1152
51,B1007
52,B0004
53,B0660
54,P1074
55,P3273
56,H0440
57,H0756
58,H1102
59,H1360
60,H1551
61,H2516
62,H1722
63,H0710
64,H0925
65,H0306
66,H1215
67,P1270
68,K3845
69,K4062
70,K5846
72,C0147
73,B0339
74,B4006
75,B4563
76,B3955
77,B2936
78,I2826
79,C1453
1,H1706
2,103-07
3,A0111
4,H0744
5,B3174
6,C0396
7,B2957
8,B4495
9,A1761
10,B1523
11,I1680
12,B1405
13,A1369
14,P3049
15,P3304
16,13-06
17,B2181
18,B3922
19,B3902
20,C0561
21,L3620
22,002.68
23,P0719
24,L1770
25,002.24
26,000.90
27,B3276
28,I4004
29,36-07
30,P1206
31,C1763
32,C2139
33,P1578
34,I3620
35,I0650
36,I3237
37,I3216
38,B1780
39,I2045
40,I1673
41,I3162
42,I0825
43,K6252
44,K 0651
45,B4066
46,B2199
47,B1915
48,A0423
49,B1505
50,A1168
51,B1012
52,B0007
53,B0666
54,P1080
55,P3315
56,H0448
57,H0758
58,H1106
59,H1370
60,H1553
61,H2517
62,H1723
63,H0715
64,H0948
65,H0312
66,H1217
67,P1277
68,K3451
69,K3593
70,I3543
71,C0771
72,C0148
73,B0395
74,B4007
75,B4566
76,B3957
77,B2941
78,I3787
79,C1454
1,B1367
2,B2117
3,B0641
4,H2570
5,B0179
6,C0011
7,B4583
8,B3281
9,A1169
10,B1064
11,I1012
12,B2598
13,B3918
14,P1286
15,P2460
16,06-06
17,166-07
18,141-07
19,B1714
20,B1731
21,L3202
22,K2617
23,P0074
24,L1228
25,000.33
26,L1489
27,B2869
28,I3638
29,38-07
30,P1202
31,C2352
32,C2029
33,P1402
34,I2578
35,H1885
36,I2219
37,I2212
38,B1344
39,I2691
40,I0959
41,I3778
42,I1867
43,K6089
44,K 2502
45,B4064
46,B2200
47,B1917
48,A0430
49,B1508
50,A1182
51,B1040
52,B0012
53,B0673
54,P1089
55,P3319
56,H0449
57,H0769
58,H1111
59,H1374
60,H1560
61,H2519
62,H1724
63,H0721
64,H0949
65,H0314
66,H1218
67,P1284
68,K3403
69,K3956
70,K0554
71,C0782
72,C0155
73,B0436
74,B4011
75,B4581
76,B3963
77,B2952
78,I2851
79,C1458
1,A0969
2,111-07
3,B1304
4,H2575
5,B3152
6,B3920
7,B3032
8,C0045
9,B2691
10,B2880
11,I0921
12,B1761
13,B3334
14,P3336
15,P3367
16,05-06
17,B3928
18,B3358
19,C0168
20,C0062
21,P1761
22,K2158
23,P0711
24,015.08
25,000.10
26,003.14
27,A0880
28,I4076
29,66-07
30,P1273
31,C2026
32,C2030
33,P1480
34,I1330
35,I2909
36,I2237
37,I3540
38,I1636
39,I2596
40,I0806
41,I3363
42,I0560
43,K6021
44,K 3778
45,B4063
46,B2202
47,B1926
48,A0439
49,B1509
50,A1189
51,B1043
52,B0013
53,B0676
54,P1092
55,P3333
56,H0451
57,H0770
58,H1121
59,H1376
60,H1566
61,H2524
62,H1725
63,H0728
64,H0952
65,H0315
66,H1210
67,P1291
68,K0448
69,K1502
70,K0419
71,C0789
72,C0162
73,B0475
74,B4019
75,B4592
76,B3974
77,B2953
78,I2707
79,C1465
1,H1642
2,120-07
3,B1459
4,H2522
5,B1447
6,C0599
7,B2928
8,C0963
9,A0794
10,B2132
11,I1022
12,B2657
13,P0923
14,P1629
15,P3303
16,175-07
17,B3405
18,B4219
19,B3721
20,C0093
21,P0970
22,K1649
23,G/W 00001 3/5
24,000.34
25,000.54
26,L1790
27,A1191
28,I3806
29,65-07
30,P1157
31,C1799
32,C1825
33,P1378
34,I3862
35,I1694
36,H1999
37,C0240
38,I3136
39,I2878
40,I3151
41,I2336
42,H2039
43,K5845
44,K 2342
45,B4062
46,B2207
47,B1936
48,A0449
49,B1511
50,A1194
51,B1047
52,B0014
53,B0678
54,P1099
55,P3347
56,H0455
57,H0774
58,H1124
59,H1378
60,H1567
61,H2547
62,H1729
63,H0730
64,H0957
65,H0318
66,H1220
67,P1292
68,K3566
69,K2445
70,K1585
71,C0793
72,C0166
73,B0509
74,B4024
75,B4533
76,B3976
77,B2954
78,I2891
79,C1471
1,H1596
2,132-07
3,A0252
4,B1196
5,A0996
6,H2595
7,B3409
8,C0026
9,A0495
10,B0254
11,I1627
12,B0690
13,P0949
14,P1804
15,P1298
16,174-07
17,B3300
18,B3164
19,B3832
20,B3974
21,P1711
22,K1623
23,P0886
24,601.90
25,L0326
26,K2543
27,A0360
28,I3919
29,2–06
30,P1546
31,C1813
32,E0231
33,P1243
34,I2421
35,I3208
36,H1273
37,I3916
38,I2633
39,I0945
40,I2370
41,I2867
42,H1900
43,K6205
44,K 2599
45,B4036
46,B2216
47,B1945
48,A0454
49,B1514
50,A1197
51,B1050
52,B0015
53,B0680
54,P1100
55,P3353
56,H0458
57,H0776
58,H1139
59,H1381
60,H1573
61,H2552
62,H1735
63,H0731
64,H0902
65,H0321
66,H1226
67,P1322
68,K2694
69,K2698
70,K1190
71,C0798
72,C0171
73,B0572
74,B4025
75,B0471
76,B3982
77,B2986
78,I0609
79,C1478
1,H1940
2,143-07
3,B1898
4,H2237
5,P3268
6,H2349
7,B3318
8,C0504
9,A0666
10,B0537
11,I1698
12,B0719
13,C0015
14,P3434
15,P3435
16,165-07
17,RR12007
18,B4529
19,B3854
20,B3532
21,P1699
22,K1544
23,P3343
24,L1340
25,015.26
26,K1834
27,B1934
28,I3971
29,129-07
30,P1540
31,C0299
32,E0198
33,P1266
34,I3606
35,I2096
36,I3127
37,P3061
38,I2329
39,H2572
40,I3125
41,I2716
42,I0624
43,K5864
44,K 5417
45,B4012
46,B2218
47,B1949
48,A0460
49,B1518
50,A1202
51,B1060
52,B0017
53,B0682
54,P1115
55,P3390
56,H0462
57,H0781
58,H1145
59,H1382
60,H1579
61,H2571
62,H1747
63,H0735
64,H0972
65,H0328
66,H1236
67,P1334
68,K3064
69,K3418
70,K2723
71,C0802
72,C0191
73,B0602
74,B4038
75,B3131
76,B3986
77,B2991
78,I2091
79,C1485
1,B2405
2,77-07
3,B1100
4,H0541
5,A0304
6,P1853
7,B4345
8,A0881
9,A1056
10,B1784
11,I3089
12,I1701
13,B3287
14,P3285
15,P0699
16,156-07
17,B4043
18,B3145
19,C0304
20,C0103
21,P2361
22,K1246
23,P1184
24,L1101
25,001.16
26,K1586
27,B1938
28,I3699
29,57-07
30,67-07
31,C2089
32,E0223
33,P1256
34,I2838
35,I2584
36,I2366
37,P3100
38,I2348
39,I1830
40,018.27
41,I3154
42,I0792
43,K3882
44,K 5702
45,B4005
46,B2219
47,B1950
48,A0512
49,B1519
50,A1205
51,B1066
52,B0031
53,B0683
54,P1124
55,P3402
56,H0463
57,H0786
58,H1146
59,H1383
60,H1588
61,H2581
62,H1749
63,H0738
64,H0975
65,H0329
66,H1240
67,P1424
68,K2710
69,K2573
70,K1909
71,C0804
72,C0194
73,B0190
74,B4041
75,B3139
76,B3988
77,B2996
78,I2211
79,C1486
1,A0120
2,86-07
3,B1796
4,H2596
5,B1219
6,P2068
7,B3922
8,A0645
9,B0985
10,B1072
11,H1564
12,I1692
13,C0223
14,P1766
15,P3352
16,L0640
17,B4543
18,B4284
19,B3919
20,B4334
21,P2299
22,K1914
23,P2527
24,L1329
25,L0475
26,A0905
27,B1890
28,I3943
29,142-07
30,P1539
31,C2203
32,C1770
33,P1328
34,I3492
35,I1261
36,I0740
37,P0894
38,I2979
39,I2666
40,H2222
41,I3167
42,I0938
43,K6465
44,I 4055
45,B4001
46,B2227
47,B1953
48,A0514
49,B1525
50,A1207
51,B1068
52,B0040
53,B0695
54,P1128
55,P3457
56,H0464
57,H0787
58,H1148
59,H1387
60,H1754
61,H2588
62,H1761
63,H0739
64,H0982
65,H0334
66,H1241
67,P1341
68,K3425
69,K2431
70,K5907
71,C0808
72,C0202
73,B0200
74,B4047
75,B3143
76,B3991
77,B2997
78,I2997
79,C1487
1,B1275
2,95-07
3,B2736
4,H0652
5,B2315
6,H2178
7,B3310
8,A0580
9,A1091
10,B1889
11,I1173
12,I1841
13,B4074
14,P1600
15,P2455
16,L1159
17,03-06
18,161-07
19,B3543
20,B0277
21,P3326
22,K0345
23,P2141
24,010.51
25,L6184
26,I4088
27,B2134
28,I4072
29,64-07
30,P1533
31,C1953
32,C1596
33,P1380
34,I4007
35,I0773
36,I2097
37,P0958
38,B1485
39,I3110
40,027.97
41,I2399
42,I1184
43,K6276
44,K 1020
45,B3999
46,B2229
47,B1954
48,A0538
49,B1526
50,A1208
51,B1074
52,B0054
53,B0704
54,P1142
55,P3458
56,H0467
57,H0791
58,H1149
59,H1391
60,H1757
61,H2593
62,H1763
63,H0746
64,H0988
65,H0336
66,H1255
67,P1356
68,K3531
69,K2354
70,K6199
71,C0811
72,C0204
73,B0202
74,B4048
75,B3150
76,B3992
77,B3010
78,I2910
79,C1490
1,B1053
2,104-07
3,A1529
4,H1302
5,B1401
6,H2406
7,B2398
8,A0953
9,A1161
10,B0726
11,I1837
12,I1638
13,B0720
14,P1417
15,P1180
16,L0897
17,B3134
18,152-07
19,B1532
20,B1542
21,P2370
22,K1478
23,P0904
24,L2864
25,L6066
26,K0896
27,B2030
28,I3908
29,I3791
30,P1452
31,C1815
32,E0041
33,P1412
34,I3872
35,I2917
36,I2074
37,A0476
38,I3068
39,I2699
40,I0575
41,I2681
42,I1745
43,K5774
44,K 3147
45,B3995
46,B2232
47,B1957
48,A0540
49,B1527
50,A1218
51,B1090
52,B0078
53,B0706
54,P1185
55,P3474
56,H0468
57,H0792
59,H1395
60,H1772
61,H2930
62,H1767
63,H0747
64,H0990
65,H0344
66,H1260
67,P1362
68,K2988
69,K2348
70,I1558
71,C0814
72,C0211
73,B0207
74,B4052
75,B3178
76,B4002
77,B3016
78,I1385
79,C1498
1,A0370
2,B0211
3,B1677
4,H1336
5,B2201
6,H2304
7,B4225
8,A0947
9,B1783
10,B2024
11,I1620
12,I0992
13,P0811
14,P2194
15,P3418
16,L1972
17,157-07
18,B3381
19,A0624
20,B2920
21,P1490
22,K2194
23,P0671
24,L1824
25,L1382
26,K2737
27,B1038
28,I4057
29,26-07
30,39-07
31,C2060
32,E0101
33,P1483
34,I0663
35,H2155
36,H2199
37,P0110
38,B0424
39,I1796
40,I2609
41,I2205
42,I3339
43,I3844
44,K 0277
45,B3993
46,B2236
47,B1976
48,A0555
49,B1531
50,A1227
51,B1102
52,B0096
53,B0713
54,P1203
55,E0367
56,H0471
57,H0797
58,H1159
59,H1397
60,H1773
61,H1591
62,H1782
63,H0749
64,H0991
65,H0345
66,H1267
67,P1364
68,K2392
69,K5250
70,K2052
71,C0824
72,C0213
73,B0219
74,B4053
75,B3191
76,B2618
77,B3023
78,I1224
79,C1500
1,B0579
2,112-07
3,B0931
4,H0444
5,B1763
6,H2556
7,B3103
8,A1209
9,A1165
10,B0825
11,I1765
12,I0719
13,C1347
14,P0825
15,P3297
16,011.20
17,B3930
18,B2873
19,B3733
20,B1255
21,P2145
22,K2351
23,P1851
24,L0577
25,L1250
26,L6009
27,B1856
28,I4062
29,27-07
30,P1282
31,C2197
32,C1778
33,P1326
34,I3586
35,I1782
36,I2351
37,B3507
38,I2938
39,I1286
40,I0608
41,I1314
42,I2356
43,K5700
44,K 1949
45,B3977
46,B2236
47,B1977
49,B1533
50,A1233
51,B1110
52,B0162
53,B0715
54,P1213
55,E0395
56,H0475
57,H0804
58,H1167
59,H1399
60,H1806
61,H1594
62,H1789
63,H0751
64,H0995
65,H0350
66,H1286
67,P1390
68,I3717
69,K3851
70,K5239
71,C0849
72,C0228
73,B0243
74,B4058
75,B3193
76,B2619
77,B3026
78,I2903
79,C1512
1,B2347
2,121-07
3,B1128
4,H2563
5,B1113
6,H2429
7,B3551
8,A0960
9,A0850
10,B2011
11,H1960
12,H2020
13,C0192
14,A0907
15,P2277
16,L1087
17,B2171
18,C0127
19,B4086
20,B2436
21,P1907
22,K1902
23,P1861
24,003.82
25,004.97
26,004.70
27,B0540
28,I3959
29,37-07
30,P1394
31,E0000
32,E0202
33,P1585
34,I2567
35,H1941
36,H1328
37,P0643
38,I0682
39,I2870
40,I1071
41,I2623
42,I1895
43,A0588
44,K 3759
45,B3938
46,B2237
47,B1985
48,A0566
49,B1534
50,A1282
51,B1112
52,B0105
53,B0725
54,P1218
55,E0409
56,H0477
57,H0808
58,H1171
59,H1401
60,H1815
61,H1596
62,H1800
63,H0752
64,H1002
65,H0354
66,H1318
67,P1406
68,K0668
69,K1210
70,I3508
71,C0850
72,C0232
73,B0245
74,B4068
75,B3201
76,B2627
77,B3047
78,I2825
79,C1530
1,H0280
2,133-07
3,B1391
4,H2329
5,A0441
6,H0443
7,B4285
8,A0725
9,A0131
10,B2121
11,I1944
12,I2939
13,P0957
14,P0828
15,P1451
16,L0846
17,14-06
18,162-07
19,C0276
20,B4124
21,P3140
22,K1722
23,P0116
24,L1334
25,L1407
26,000.39
27,B2391
28,I4074
29,P0035
30,P1435
31,C1861
32,P1742
33,I0511
34,I3223
35,I1016
36,P1075
37,P0712
38,I3160
39,I2843
40,I1406
41,I2422
42,I3169
43,B3190
44,K 1127
45,B3936
46,B2321
47,B1986
48,A0572
49,B1537
50,A1289
51,B1120
52,B0112
53,B0733
54,P1221
55,E0504
56,H0479
57,H0812
58,H1174
59,H1402
60,H1818
61,H1597
62,H1804
63,H0759
64,H1009
65,H0356
66,H1326
67,P1418
68,K1339
69,K3142
70,K0844
71,C0851
72,C0256
73,B0248
74,B4069
75,B3204
76,B2630
77,B3064
78,I2361
79,C1533
1,H1930
2,144-07
3,B1182
4,A0157
5,P2272
6,H2584
7,B3999
8,C0235
9,A0640
10,B1156
11,H2245
12,I0684
13,B4000
14,P0992
15,P1514
16,000.03
17,B2194
18,B3407
19,C0658
20,C0436
21,L2866
22,K1329
23,P0774
24,K1987
25,L1106
26,L0766
27,A0599
28,I4058
29,8–06
30,P1241
31,C2356
32,09-07
33,73-07
34,I2402
35,I2813
36,I2442
37,P2928
38,I1386
39,I3318
40,H0379
41,I3222
42,I1552
43,K6090
44,K 6038
45,B3934
46,B2242
47,B1997
48,A0574
49,B1538
50,A1300
51,B1136
52,B0118
53,B0734
54,P1224
55,E0532
56,H0482
57,H0815
58,H1188
59,H1403
60,H1821
61,H1599
62,H1805
63,H0762
64,H1009 (x2)
65,H0358
66,H1333
67,P1424
68,K2574
69,K3475
70,K6268
71,C0853
72,C0265
73,B0270
74,B4071
75,B3213
76,B2631
77,B3081
78,C1722
79,C1544
1,P3175
2,145-07
3,B1096
4,H2210
5,A0685
6,P0314
7,B3060
8,A0942
9,A1154
10,B1451
11,I0997
12,I1970
13,B2144
14,A1055
15,P3288
16,004.62
17,155-07
18,B3168
19,C0564
20,C0696
21,P3221
22,K2638
23,P0731
24,K1617
25,L1053
26,004.55
27,B3297
28,I3789
29,18-07
30,47-07
31,C1760
32,08-07
33,P1704
34,I2712
35,H2200
36,I2888
37,P2972
38,I2806
39,I2703
40,019.18
41,I3296
42,I2416
43,K5678
44,K 5451
45,B3929
46,B2245
47,B2004
48,A0583
49,B1539
50,A1320
51,B1141
52,B0120
53,B0747
54,P1225
55,E0544
56,H0487
57,H0824
58,H1189
59,H1404
60,H1824
61,H1601
62,H1809
63,H0765
64,H1014
65,H0372
66,H1396
67,P1427
68,K0712
69,K2214
70,K1840
71,C0859
72,C0272
73,B0284
74,B4076
75,B3215
76,B2646
77,B3083
78,C1731
79,C1545
1,B3316
2,134-07
3,A0108
4,H2198
5,B0723
6,P1538
7,B3996
8,A1072
9,B1427
10,B0761
11,I0727
12,I1954
13,B0587
14,A0601
15,P1055
16,006.63
17,B2976
18,B3382
19,B2383
20,B4048
21,P1311
22,K0721
23,P0741
24,L1020
25,L0716
26,000.78
27,B0623
28,I3851
29,32-07
30,P1382
31,C2580
32,C1771
33,I3921
34,I3312
35,I2899
36,I1374
37,P0621
38,I3315
39,I0996
40,I0978
41,I2047
42,I1280
43,K5290
44,K 1852
45,B3923
46,B2305
47,B2006
48,A0585
49,B1542
50,A1343
51,B1145
52,B0126
53,B0768
54,P1250
55,E0555
56,H0494
57,H0855
58,H1198
59,H1408
60,H1826
61,H1606
62,H1812
63,H0772
64,H1021
65,H0387
66,H1352
67,P1434
68,K0945
69,K1602
70,K2503
71,C0868
72,C0274
73,B0287
74,B4078
75,B3240
76,B2647
77,B3091
78,C1743
79,C1547
1,A0670
2,122-07
3,B1403
4,H2234
5,B1615
6,P2925
7,B4452
8,A1051
9,A1714
10,B0538
11,I1760
12,I1148
13,C0921
14,P1466
15,P0603
16,000.75
17,B3038
18,B4494
19,C0551
20,B2212
21,P3229
22,K0894
23,P3281
24,012.63
25,004.96
26,016.84
27,B1203
28,I4086
29,I3700
30,11-07
31,C2173
32,E0148
33,I2428
34,I2403
35,I3241
36,I2204
37,P0691
38,I1189
39,I1539
40,078.81
41,I3753
42,I1817
43,K6071
44,K 6086
45,B3923
46,B2336
47,B2007
48,A0587
49,B1545
50,A1371
51,B1152
52,B0127
53,B0771
54,P1259
55,E0617
56,H0496
57,H0861
58,H1201
59,H1412
60,H1828
61,H1607
62,H1820
63,H0775
64,H1024
65,H0388
66,H1356
67,P1441
68,K0503
69,K1318
70,K0354
71,C0880
72,C0300
73,B0331
74,B4096
75,B3241
76,B2650
77,B3093
78,C1746
79,C1560
1,#1 2010
2,113-07
3,B1411
4,H2216
5,B1816
6,P1132
7,B4127
8,A0662
9,A1386
10,B0820
11,I1073
12,I0586
13,A0966
14,P1260
15,P3184
16,000.28
17,B2702
18,B3956
19,C0703
20,B0378
21,P3481
22,K2952
23,P0638
24,L1085
25,L1797
26,L1074
27,B2023
28,I3988
29,46-07
30,P1425
31,C1952
32,C2057
33,I3860
34,I1060
35,I2354
36,P0260
37,I2737
38,B1285
39,I3226
40,I2719
41,I0544
42,I2245
43,K5903
44,K 6084
45,B3919
46,B2311
47,B2012
48,A0600
49,B1552
50,A1376
51,B1156
52,B0140
53,B0772
54,P1261
55,E0628
56,H0503
57,H0872
58,H1207
59,H1413
60,H1830
61,H1610
62,H1835
63,H0783
64,H1028
65,H0389
66,H1392
67,P1455
68,K2570
69,K2648
70,K0454
71,C0888
72,C0310
73,B0332
74,B4099
75,B3271
76,B2654
77,B3102
78,C2010
79,C1567
1,B0941
2,B1098
3,B0746
4,H2305
5,B2217
6,P0890
7,B3304
8,B3559
9,B2235
10,A0932
11,I2653
12,I0604
13,B3980
14,P1344
15,P0607
16,004.30
17,176-07
18,B2310
19,B1247
20,A1943
21,P2274
22,K1419
23,P0999
24,001.10
25,000.71
26,L0386
27,B0804
28,I4033
29,53-07
30,12-06
31,C2238
32,E0183
33,P1780
34,I3617
35,I2724
36,P0673
37,I0715
38,H1967
39,I2949
40,I1064
41,I2395
42,I1688
43,K5010
44,K 0959
45,B3908
46,B2314
47,B2018
48,A0604
49,B1558
50,A1379
51,B1157
52,B0145
53,B0773
54,P1265
55,E0633
56,H0505
57,H0878
58,H1208
59,H1414
60,H1848
61,H1611
62,H1836
63,H0784
64,H1029
65,H0394
66,H1410
67,P1461
68,K2341
69,K2983
70,K2643
71,C0939
72,C0318
73,B0334
74,B4104
75,B3278
76,B2655
77,B3110
78,C2043
79,C1578
1,B1103
2,B2698
3,B1013
4,H2442
5,B1669
6,P2139
7,B4355
8,A0984
9,A0764
10,B1892
11,I0533
12,H1916
13,C0491
14,P1594
15,P2973
16,L1308
17,B4430
18,171-07
19,C0131
20,B2042
21,P3438
22,K2095
23,P1437
24,L1727
25,L0476
26,001.76
27,B2071
28,I3891
29,6–07
30,P1470
31,C2079
32,C2146
33,P1815
34,I2576
35,I3061
36,P0255
37,P3163
38,H0934
39,I1408
40,H1802
41,I2371
42,I3389
43,K5910
44,K 1206
45,B3905
46,B2320
47,B2020
48,A0606
49,B1563
50,A1391
51,B1158
52,B0150
53,B0778
54,P1909
55,E0643
56,H0508
57,H0880
58,H1222
59,H1417
60,H1858
61,H1612
62,H1857
63,H0790
64,H1036
65,H0397
66,H1422
67,P1469
68,K0923
69,K5450
70,I4080
71,C0940
72,C0319
73,B0335
74,B4108
75,B3284
76,B2660
77,B3111
78,C2056
79,C1579
1,H1509
2,96-07
3,B1492
4,H2502
5,B1853
6,P2005
7,B2899
8,A0542
9,A6067
10,B0137
11,I0771
12,I2896
13,P0280
14,P1763
15,P3203
16,007.18
17,B3340
18,B3968
19,C0199
20,B2046
21,P3339
22,K1900
23,P0037
24,001.98
25,L0680
26,K3104
27,B1070
28,I3935
29,43-07
30,P1474
31,C1894
32,C1937
33,I2580
34,I3409
35,I1538
36,P0148
37,P3141
38,B0158
39,H2138
40,011.03
41,I3122
42,I0703
43,L0991
44,K 1663
45,B3905
46,B2323
47,B2022
48,A0611
49,B1572
50,A1414
51,B1166
52,B0155
53,B0780
54,P2011
55,H0292
56,H0587
57,H0881
58,H1227
59,H1419
60,H1878
61,H1615
62,H1881
63,H0791
64,H1039
65,H0410
66,H1423
67,P1479
68,K1100
69,I4048
70,K2917
71,C0946
72,C0325
73,B0341
74,B4133
75,B3298
76,B2664
77,B3121
78,C3457
79,C1580
1,H0986
2,P1210
3,B0730
4,H1290
5,B2041
6,P3417
7,C0861
8,A1002
9,A0838
10,B0916
11,I0628
12,I1422
13,C0124
14,P3146
15,P3188
16,L1863
17,169-07
18,B3937
19,C0175
20,A0378
21,P3286
22,K1555
23,P0039
24,L1044
25,L1454
26,K0868
27,B0722
28,I3929
29,41-07
30,P1400
31,C2108
32,E0100
33,P1616
34,I3764
35,I1900
36,P0610
37,P0200
38,B0030
39,H2094
41,I3669
42,I3236
43,K5776
44,K 1915
45,B3896
46,B2326
47,B2037
48,A0614
49,B1573
50,A0579
51,B1169
52,B0157
53,B0793
54,P2022
55,H0605
56,H0583
57,H0885
58,H1228
59,H1424
60,H1902
61,H1619
62,H1887
63,H0794
64,H1041
65,H0485
66,H1426
67,P1481
68,K2831
69,K1399
70,K3362
71,C0947
72,C0345
73,B0346
74,B4170
75,B3308
76,B2665
77,B3128
78,C0992
79,C1594
1,H2421
2,78-07
3,B0476
4,B1185
5,P3277
6,P1593
7,B4015
8,A1604
9,A1040
10,B2638
11,I1621
12,I1548
13,B3908
14,P3058
15,P1454
16,L1905
17,B3158
18,B4070
19,C0037
20,C0082
21,L3848
22,K1939
23,P0135
24,L1294
25,L1175
26,K5456
27,B0076
28,I3624
29,2–07
30,20-07
31,C1877
32,B3497
33,P1714
34,I2319
35,I1492
36,P0159
37,P0304
38,B1416
39,H2071
41,I3447
42,I3220
43,K6463
44,K 6165
45,B3863
46,B2327
47,B2040
48,A0626
49,B1576
50,A1606
51,B1175
52,B0161
53,B0795
54,P2040
55,H0256
56,H0521
57,H0889
58,H1232
59,H1424
60,H1906
61,H1628
62,H1912
63,H0811
64,H1042
65,H0493
66,H1450
67,P1482
68,K3342
69,K2507
70,K3261
71,C0961
72,C0356
73,B0349
74,B4174
75,B3321
76,B2668
77,B3130
78,C0999
79,C1607
1,B2413
2,79-07
3,B1014
4,B0729
5,B1597
6,P3431
7,B3181
8,A1083
9,B0974
10,B0422
11,I1758
12,I1747
13,B3934
14,P1731
15,P2463
16,L1027
17,146-07
18,179-07
19,B1728
20,C0442
21,L3349
22,K1172
23,P0006
24,L1775
25,012.44
26,B0442
27,A0975
28,I4071
29,4–07
30,19-07
31,C2207
32,E0078
33,P1672
34,I2373
35,I2435
36,P0183
37,P3021
38,I1710
39,I2895
41,I2231
42,I3904
43,K5874
44,K 2080
45,B3858
46,B2329
47,B2044
48,A0639
49,B1579
50,A1647
51,B1179
52,B0172
53,B0748
54,P1949
55,H0257
56,H0522
57,H0890
58,H1233
59,H1427
60,H1907
61,H1636
62,H1932
63,H0814
64,H1043
65,H0500
66,H1439
67,P1499
68,K3369
69,K0759
70,K3240
71,C0964
72,C0364
73,B0352
74,B4180
75,B3331
76,B2669
77,I2954
78,C1238
79,C1615
1,P1463
2,88-07
3,B1101
4,H2914
5,B2034
6,P1252
7,C0176
8,A0741
9,A0889
10,B1754
11,I1250
12,I0551
13,B2058
14,P1574
15,P3442
16,L0536
17,B3864
18,B3132
19,B1399
20,B4052
21,L0907
22,K1301
23,P1543
24,L1210
25,L1102
26,B0915
27,A0415
28,I3698
29,1–07
30,P1329
31,B3479
32,C2110
33,P1825
34,I2966
35,I1791
36,P0067
37,P3186
38,B0939
39,I1649
41,I2571
42,I3884
43,I3979
44,K 1953
45,B3858
46,B2342
47,B2045
48,A0652
49,B1586
50,A1656
51,B1181
52,B0174
53,B0803
54,P1951
55,H0261
56,H0528
57,H0891
58,H1250
59,H1431
60,H1909
61,H1637
62,H1933
63,H0818
64,H1044
65,H0502
66,H1467
67,P1501
68,K1387
69,K2721
70,K2655
71,C0972
72,C0372
73,B0353
74,B4201
75,B3345
76,B2671
77,I1352
78,C1214
79,C1629
1,B0553
2,97-07
3,B1699
4,H2565
5,B0758
6,P0874
7,B3180
8,A0672
9,A0972
10,B0095
11,I1689
12,I1922
13,B3669
14,P1309
15,P3369
16,002.29
17,B3681
18,B3136
19,B0675
20,B1184
21,L3464
22,K1441
23,P1765
24,006.25
25,L3875
26,K0316
27,A0692
28,I3513
29,I3769
30,P1397
31,E0024
32,C2133
33,P1788
34,I3770
35,I2637
36,P0590
37,P0103
38,I1497
39,I2040
41,I3761
42,I3994
43,I3983
44,K 2411
45,B3857
46,B2349
47,B2048
48,A0671
49,B1589
50,A1682
51,B1194
52,B0181
53,B0811
54,P1976
55,H0275
56,H0536
57,H0895
58,H1251
59,H1432
60,H1910
61,H1641
62,H1938
63,H0825
64,H1053
65,H0507
66,H1503
67,P1504
68,I3453
69,K0761
70,K2725
71,C0475
72,C0375
73,B0360
74,B4207
75,B3348
76,B2675
77,I2809
78,C1241
79,C1642
1,B3239
2,106-07
3,B1116
4,H2352
5,B1797
6,P3016
7,C0029
8,A0921
9,A0887
10,B1228
11,I3065
12,H0946
13,B3202
14,P1258
15,P3089
16,010.69
17,B3414
18,B2448
19,C0253
20,B0156
21,L3671
22,K0760
23,P1779
24,015.16
25,016.29
26,K3816
27,A0934
28,I3706
29,I4017
30,P1240
31,B3459
32,E0235
33,P1601
34,I3781
35,H0884
36,P0602
37,I2400
38,I3164
39,I2441
41,I3195
42,K5701
43,K5996
44,K 2035
45,B3845
46,B2356
47,B2049
48,A0683
49,B1591
50,A1685
51,B1195
52,P0009
53,B0813
54,P2065
55,H0278
56,H0542
57,H0899
58,H1257
59,H1433
60,H1911
61,H1643
62,H1965
63,H0829
64,H1055
65,H0511
66,H1506
67,P1507
68,K3178
69,K3710
70,K6037
71,C0979
72,C0376
73,B0363
74,B4211
75,B3349
76,B2685
77,I3443
78,C1242
79,C1643
1,P0095
2,B2005
3,B1496
4,H2407
5,B1260
6,P0782
7,B3961
8,A0589
9,A1164
10,B2126
11,I2857
12,H1894
13,B3997
14,P2337
15,P2518
16,001.18
17,167-07
18,B4149
19,C0716
20,B0554
21,L1645
22,K0853
23,P2966
24,L1078
25,008.71
26,K3731
27,A0938
28,I3795
29,54-07
30,P0024
31,C2045
32,E0116
33,P1776
34,I3381
35,I2927
36,P0980
37,I3773
38,H2112
39,I3178
41,H1895
42,K6456
43,B1998
44,K 1894
45,B3842
46,B2358
47,B2052
48,A0693
49,B1594
50,A1695
51,B1197
52,P0023
53,B0827
54,P2072
55,H0290
56,H0546
57,H0906
58,H1258
59,H1436
60,H1929
62,H1988
63,H0832
64,H1058
65,H0512
66,H1509
67,P1510
68,K3286
69,K0908
70,K5524
71,C0983
72,C0377
73,B0378
74,B4212
75,B3370
76,B2687
77,I3098
78,C1243
79,C1646
1,P1245
2,114-07
3,B1470
4,H2316
5,B2407
6,P3508
7,B3882
8,C0041
9,A0121
10,B1073
11,I2987
12,I2946
13,B3598
14,A0888
15,P3354
16,002.06
17,B4432
18,B3398
19,B4116
20,B0607
21,L3102
22,K3449
23,P2082
24,L1300
25,K1957
26,L1262
27,A0322
28,I4052
29,I4081
30,P0022
31,C1920
32,C0932
33,P1787
34,I3649
35,I1855
36,B4061
37,P0944
38,I0939
39,I2700
41,I2044
42,I1802
43,B3841
44,K2514
45,B3826
46,B2362
47,B2073
48,A0701
49,B1598
50,A1702
51,B1201
52,P0038
53,B0841
54,P2088
55,H0292
56,H0556
57,H0914
58,H1263
59,H1453
60,H1931
61,H1649
62,H2036
63,H0839
64,H1063
65,H0516
66,H1516
67,P1513
68,K2524
69,K0890
70,K3578
71,C0985
72,C0384
73,B0405
74,B4237
75,B3376
76,B2689
77,I3572
79,C1651
1,H0561
2,123-07
3,B1259
4,H2322
5,P0221
6,P3311
7,B3814
8,B1583
9,A0042
10,B0692
11,I2827
12,I0594
13,P0034
14,A0677
15,P2932
16,004.73
17,B2926
18,B3937
19,C0822
20,A1928
21,L3773
22,K1472
23,P2196
24,002.43
25,L1313
26,000.56
27,A0293
28,I3905
29,33-07
30,P0047
31,C2431
32,C2377
33,P1675
34,I3754
35,I1762
36,P0149
37,P3139
38,I3818
39,I0881
41,I3993
42,K6487
43,B1670
44,K2310
45,B3813
46,B2365
47,B2074
48,A0703
49,B1599
50,A1715
51,B1208
52,P0039
53,B0842
54,P2089
55,H0303
56,H0566
57,H0921
58,H1277
59,H1454
60,H1947
61,H1651
62,H2079
63,H0840
64,H1066
65,H0520
66,H1519
67,P1515
68,K6155
69,K1407
70,C0499
71,C0986
72,C0399
73,B0410
74,B4247
75,B3400
76,B2707
77,I3078
78,C1248
79,C1680
1,H0548
2,135-07
3,B1163
4,H2567
5,B2566
6,P1315
7,B4220
8,A0522
9,A0535
10,B2610
11,I3111
12,I0625
13,P1248
14,P0733
15,P2956
16,L0606
17,160-07
18,B3667
19,B3870
20,B3968
21,000.67
22,I1534
23,P1918
24,001.23
25,016.31
26,011.26
27,A0424
28,I3783
29,10–07
30,P0040
31,C2430
32,C1796
33,P1821
34,I3148
35,I0919
36,C0403
37,I2743
38,B2096
39,I1432
41,I3212
42,I4028
43,B1698
44,K0414
45,B3811
46,B2367
47,B2079
48,A0705
49,B1600
50,A1729
51,B1229
52,P0053
53,B0844
54,P2093
55,H0319
56,H0582
58,H1281
59,H1455
60,H1974
61,H1652
62,H2098
63,H0841
64,H1070
65,H0523
66,H1529
67,P1520
68,K5494
69,K2624
70,C0502
71,B4078
72,C0410
73,B0415
74,B4255
75,B3428
76,B2708
77,I2680
78,C1261
79,C1693
1,H2162
2,P2343
3,B1029
4,H2598
5,P2284
6,P1988
7,B2607
8,A1173
9,A0891
10,B1695
11,I2924
12,I1641
13,C1309
14,P0219
15,P1677
16,018.70
17,B3117
18,B1498
19,C0524
20,B0982
21,L3510
22,K0126
23,D7685 3/1/08
24,K3943
25,L1666
26,L1147
27,A0142
28,A0276
29,I3947
30,15-06
31,C2305
32,C1756
33,28-07
34,I3668
35,I2744
36,P0256
37,P0203
38,I2944
39,I2420
41,I2363
42,I2444
43,B6433
44,K1029
45,B3788
46,B2368
47,B2087
48,A0711
49,B1602
50,A1735
51,B1231
52,P0054
53,B0845
54,P2097
55,H0320
56,H0618
57,H0931
58,H1282
59,H1456
60,H1975
61,H1655
62,H2107
63,H0842
64,H1072
65,H0524
66,H1530
67,P1524
68,K5889
69,K2355
70,C0511
71,B4081
72,C0414
73,B0416
74,B4260
75,B3605
76,B2719
77,I2898
78,C1262
79,C1694
1,P1289
2,P1031
3,B1075
4,H2419
5,A0999
6,P3099
7,B1983
8,B4318
9,B1503
10,B2039
11,I2640
12,B2337
13,C0627
14,A1059
15,P3248
16,000.94
17,B1795
18,170-07
19,C0767
20,B3278
21,P1438
22,I3712
23,P0620
24,I3678
25,L1624
26,005.51
27,A0596
28,I3676
29,51-07
30,P1371
31,C1816
32,C1765
33,60-07
34,I2410
35,I1570
36,P0257
37,P3022
38,I2814
39,I0501
41,I3828
42,K6174
43,K5601
44,K1107
45,B3763
46,B2372
47,B2093
48,A0715
49,B1604
50,A1889
51,B1232
52,P0064
53,B0850
54,P2146
55,H0324
56,H0591
57,H0932
58,H1283
59,H1457
60,H1979
61,H1656
62,H2108
63,H0844
64,H1073
65,H0527
66,H1544
67,P1531
68,K0498
69,K6212
70,C0513
71,B4091
72,C0423
73,B0418
74,B4277
75,B3636
76,B2720
77,I1730
78,C1263
79,C1695
1,B0560
2,136-07
3,B1394
4,H2370
5,B0911
6,P0888
7,B2434
8,A1061
9,A1099
10,B0459
11,I0741
12,A0545
13,B1383
14,A1159
15,P3345
16,L2221
17,B3377
18,B3186
19,B3876
20,B0365
21,P2027
22,K0605
23,P0090
24,L0725
25,000.13
26,L0568
27,A0353
28,I3731
29,62-07
30,P1285
31,C2003
32,C2105
33,61-07
34,I2833
35,I1270
36,P0646
37,P0332
38,I2999
39,I1556
41,I2675
42,K5409
43,I4083
44,K3055
45,B3737
46,B2393
47,B2095
48,A0727
49,B1606
50,A0287
51,B1251
52,P0075
53,B0853
54,P2062
55,H0326
56,H0594
57,H0937
58,H1284
59,H1460
60,H1986
61,H1658
62,H2109
63,H0845
64,H1080
65,H0529
66,H1547
67,P1547
68,K5904
69,K1254
70,C0520
71,B4093
72,C0424
73,B0421
74,B4279
75,B3647
76,B2723
77,I0556
78,C1270
79,C1697
1,A1417
2,124-07
3,B1379
4,H2366
5,B1923
6,P1530
7,B3970
8,B3860
9,A0778
10,B0801
11,B2085
12,A0963
13,B4418
14,P2324
15,P2378
16,000.58
17,B4101
18,181-07
19,B3502
20,B0265
21,P1764
22,I3445
23,P0287
24,000.22
25,L0758
26,L1013
27,A0648
28,I3842
29,I3962
30,P1370
31,C1973
32,C2020
33,P1623
34,I3214
35,H1751
36,P0666
37,I3173
38,C1204
39,I2721
41,I2388
42,K6351
43,K5299
44,K0795
45,B3730
46,B2396
47,B2098
48,A0745
49,B1607
50,B3059
51,B1252
52,P0091
53,B0858
54,P2170
55,H0330
56,H0601
57,H0940
58,H1288
59,H1464
60,H1991
61,H1661
62,H2125
63,H0849
64,H1083
65,H0530
66,H1548
67,P1550
68,K0466
69,K0548
70,C0521
71,B4093
72,C0432
73,B0434
75,B3648
76,B2724
77,I2339
78,C1279
79,C1698
1,A0451
2,115-07
3,B1237
4,H2325
5,B2061
6,P3495
7,C0973
8,A1352
9,A1172
10,B2710
11,H1926
12,I1477
13,B0640
14,P1187
15,P1251
16,L1119
17,B3646
18,B3760
19,C0331
20,B0797
21,P2140
22,K0665
23,P2049
24,L1207
25,013.97
26,L0757
27,A0912
28,I3709
29,I3621
30,P1686
31,E0049
32,C2522
33,P1770
34,I0598
35,H0648
36,B1701
37,P0109
38,I3171
39,I2622
41,H2002
42,K5869
43,B2622
44,K0930
45,B3729
46,B2401
47,B2100
48,A0773
49,B1614
50,A0501
51,B1555
52,P0119
53,B0863
54,P2192
55,H0352
56,H0642
57,H0941
58,H1259
59,H1465
60,H1992
61,H1663
62,H2134
63,H0862
64,H1084
65,H0531
67,P1553
68,K3810
69,K3800
70,C0525
71,B4098
72,C0438
73,B0445
74,B4300
75,B3652
76,B2725
77,I2923
78,C1280
79,C1706
1,P1366
2,A0678
3,B0057
4,H2513
5,B2673
6,P1998
7,B3125
8,A1077
9,A0755
10,B0089
11,B0147
12,I2207
13,B3870
14,P1301
15,P1133
16,L2067
17,168-07
18,C0143
19,C0631
20,B3077
21,P1837
22,K0398
23,P0015
24,000.77
25,000.26
26,K5029
27,A0584
28,I3626
29,I3551
30,P1588
31,B3590
32,C1784
33,P1758
34,I2397
35,I1203
36,P0762
37,P1028
38,I1075
39,I3060
41,I2836
42,I3587
43,B1980
44,K3081
45,B3728
46,B2406
47,B2109
48,A0792
49,B1621
50,A0557
51,B1262
52,P0123
53,B0864
54,P2193
55,H0353
56,H0602
57,H0947
58,H1290
59,H1469
60,H2068
61,H1667
62,H2139
63,H0864
64,H1094
65,H0532
66,H1562
67,P1556
68,K3014
69,K1412
70,C0527
71,B4259
72,C0455
73,B0447
74,B4301
75,B3668
76,B2726
77,I3629
78,C1282
79,C1707
1,P1116
2,107-07
3,B1153
4,H2416
5,B1649
6,P3502
7,C0337
8,A0826
9,A0936
10,B0271
11,I1222
12,I1278
13,B3915
14,P1568
15,P2075
16,006.03
17,B1148
18,B4156
19,C0514
20,B0533
21,L1551
22,K1703
23,P2394
24,000.96
25,017.06
26,L1492
27,A0098
28,I4069
29,16-07
30,P1521
31,C1855
32,E0009
33,P1676
34,I3887
35,I2321
36,P1086
37,I2170
38,I2983
39,H0697
41,I2324
42,K6173
43,P1268
44,K2815
45,B3718
46,B2409
47,B2113
48,A0803
49,B1622
50,A0565
51,B1264
52,P0136
53,B0867
54,P2206
55,H0362
56,H0609
57,H0950
58,H1292
59,H1471
60,H2101
61,H1673
62,H2143
63,H0866
64,H1097
65,H0533
66,H1571
67,P1562
68,K2072
69,K0964
70,C0529
71,B4397
72,C0457
73,B0448
74,B4307
75,B3698
76,B2727
77,I2993
78,C1289
79,C1718
1,P0641
2,98-07
3,B1671
4,H2359
5,B2312
6,P0152
7,B1557
8,A0521
9,A0403
10,B1030
11,I0708
12,I1325
13,C0974
14,P1730
15,P0209
16,L2435
17,B3320
18,B1388
19,C0542
20,C0153
21,P2055
22,K1801
23,P3518
24,013.11
25,L1197
26,K2711
27,A0169
28,I3903
29,I4066
30,30-07
31,C2137
32,E0121
33,I0515
34,I2822
35,H1781
36,P0681
37,P2010
38,I3129
39,H1897
41,I2925
42,K6083
43,B1644
44,K0907
45,B3704
46,B2418
47,B2125
48,A0867
49,B1623
50,A0724
51,B1267
52,P0137
53,B0868
54,P2223
55,H0304
56,H0612
57,H0963
58,H1294
59,H1478
60,H2122
61,H1678
62,H2150
63,H0870
64,H1100
65,H0534
67,P1582
68,K1090
69,K5384
70,C0545
71,B4408
72,C0470
73,B0454
74,B4316
75,B3734
76,B2729
77,I1968
78,C1295
79,B1718
1,H0384
2,89-07
3,B1433
4,H2536
5,B1059
6,P3312
7,B3859
8,A1223
9,A0926
10,B0957
11,I2902
12,I1185
13,B4001
14,P2949
15,P3072
16,001.27
17,B2999
18,B2185
19,C0556
20,B3741
21,L3371
22,K1319
23,P3340
24,L1511
25,011.47
26,K3771
27,A0901
28,I3522
29,52-07
30,P1310
31,E0088
32,C1507
33,59-07
34,I3579
35,I1451
36,P0110
37,P0101
38,B2599
39,I2957
41,I0582
42,K6189
43,B2700
44,K3213
45,B3656
46,B2426
47,B2131
48,A0810
49,B1624
50,A0749
51,B1268
52,P0240
53,B0870
54,P2345
55,H0305
56,E0621
57,H0964
58,H1296
59,H1479
60,H2133
61,H1686
62,H2145
63,H0873
64,H1101
65,H0544
66,H1592
67,P1587
68,K3601
69,K3532
70,C0547
71,B4440
72,C0479
73,B0457
74,B4332
75,B3736
76,B2731
77,I3054
78,C1300
1,I2864
2,80-07
3,B1216
4,H2518
5,P2039
6,P0038
7,B0531
8,A0748
9,B1752
10,B1636
11,I2866
12,I0734
13,C0801
14,P2906
15,004.75
16,847
17,B3307
18,B1395
19,C0464
20,B0382
21,P2926
22,K3330
23,P1913
24,L0650
25,001.29
26,K5005
27,A0811
28,I3918
29,24-07
30,29-07
31,C2175
32,C1790
33,58-07
34,I3607
35,H2309
36,P0069
37,P1936
38,I2147
39,I3300
41,I2384
42,I3310
43,B1071
44,K2335
45,B3638
46,B2431
47,B2137
48,A0814
49,B1627
50,A0758
51,B1269
52,P0250
53,B0874
54,P2384
55,H0308
56,H0628
57,H0966
58,H1299
59,H1482
60,H2173
61,H1696
62,H2175
63,H0876
64,H1103
65,H0545
66,H1621
67,P1608
68,K0390
69,K1533
70,C0553
71,B4444
72,C0484
73,B0466
74,B4341
75,B3829
76,B2733
77,I1460
78,C1310
1,A0940
2,81-07
3,B1188
4,H1025
5,B2094
6,C0515
7,C0216
8,A1238
9,B2149
10,B1146
11,H1890
12,H1550
13,B3954
14,P1729
15,002.15
16,846
17,B3296
18,09-06
19,C0048
20,B1506
21,P3265
22,K2607
23,P3499
24,003.91
25,011.04
26,B2000
27,A0762
28,I4077
29,48-07
30,P1365
31,C0408
32,C1905
33,P1910
34,I3630
35,I2437
36,P0073
37,P0197
38,B1901
39,I2971
41,I3209
42,K5606
43,B3140
44,K0656
45,B3617
46,B2432
47,A0004
48,A0815
49,B1628
50,A0769
51,B1277
52,P0330
53,B0881
54,P2398
55,H0308
56,H0635
57,H0968
58,H1300
59,H1483
60,H2303
61,H1699
62,H0619
63,H0894
64,H1112
65,H0555
66,H1622
67,P1611
68,K2329
69,K1547
70,C0558
71,B4521
73,B0477
74,B4349
75,B3851
76,B2734
77,I1553
78,C1312
1,B2130
2,90-07
3,B1471
4,A0099
5,B2220
6,K3119
7,B1481
8,A0592
9,A1156
10,B0337
11,I0790
12,I1478
13,B3041
14,P1537
15,P1756
16,845
17,B4501
18,11-06
19,A1454
20,B0069
21,P3310
22,K2162
23,P1403
24,L2131
25,008.55
26,B2074
27,A0929
28,I3834
29,5–07
30,P0013
31,E0169
32,C1975
33,I3328
34,I3636
35,I0774
36,P0725
37,B0609
38,I0572
39,I3232
41,I2376
42,I3718
43,B1610
44,K1790
45,B3601
46,B2435
47,A0028
48,A0817
49,B1629
50,A0791
51,B1286
52,P0606
53,B0883
54,P2408
55,H0370
56,H0643
57,H0971
58,H1301
59,H1486
60,H2315
61,H1702
62,H0626
63,H0895
64,H1113
65,H0563
66,H1629
67,P1618
68,K3793
69,K0520
70,C0560
71,B4569
73,B0486
74,B4377
75,B3853
76,B2737
77,H0965
78,C1313
1,A0851
2,99-07
3,B0321
4,H0933
5,B2090
6,K4339
7,B2960
8,A1095
9,A1112
10,B0230
11,B2652
12,I1575
13,B3878
14,P1299
15,P2535
16,016.04
17,B4410
18,172-07
19,C0089
20,B0418
21,002.32
22,K2654
23,P0639
24,005.73
25,L3831
26,K3904
27,B0699
28,A1210
29,63-07
30,P1297
31,C2032
32,C2304
33,I1256
34,I3821
35,I3231
36,P0659
37,I3661
38,C0180
39,I2569
41,I1591
42,I3766
43,B2556
44,K2152
45,B3594
46,B2438
47,A0034
48,A0828
49,B1642
50,A1428
51,B1289
52,P0617
53,B0885
54,P2416
55,H0377
56,H0644
57,H0973
58,H1302
59,H1487
60,H2345
61,H1708
62,H0633
63,H0897
64,H1114
65,H0559
66,H1632
67,P1631
68,K3042
69,K0434
70,C0562
71,C0014
73,B0488
74,B4396
75,B3854
76,B2740
77,I3116
78,C1315
1,P1841
2,108-07
3,B1632
4,H0767
5,B2088
6,K3008
7,B2890
8,A1087
9,A1287
10,B0116
11,I1530
12,B0835
13,P2103
14,P1078
15,P3378
16,L1412
17,158-07
18,B2989
19,C0160
20,B0350
21,P1624
22,K2839
23,P3443
24,002.21
25,014.75
26,K2687
27,A0256
28,B0124
29,49-07
30,P1227
31,C2163
32,C2000
33,P1665
34,I3388
35,I0531
36,P0967
37,P1984
38,I1502
39,I0752
41,I3444
42,I3491
43,C0004
44,K3607
45,B3556
46,B2446
47,A0041
48,A0841
49,B1644
50,A1429
51,B1303
52,P0637
53,B0888
54,P2421
55,H0383
56,H0645
57,H0974
58,H1304
59,H1490
60,H2351
61,H1709
62,H0634
63,H0905
64,H1117
65,H0569
66,H1640
67,P1642
68,K2958
69,K2690
70,C0566
71,C0019
73,B0491
74,B4401
75,B3860
76,B2744
77,I3628
78,C1322
1,B1009
2,A0393
3,B1210
4,H0922
5,B1104
6,K3576
7,B4035
8,A0377
9,A0717
10,B1396
11,I1952
12,B1807
13,C0073
14,A0613
15,K3503
16,001.75
17,B4224
18,C0395
19,C0842
20,B0196
21,P3236
22,K1688
23,P1906
24,L1771
25,002.46
26,K0561
27,B0814
28,A0562
29,I4008
30,P0057
31,E0014
32,C1233
33,I2943
34,I2355
35,I2612
36,P0917
37,P1029
38,I1744
39,I1482
41,I2408
42,I3229
43,B2375
44,K2173
45,B3550
46,B2552
47,A0048
48,A0862
49,B1645
50,A1436
51,B1312
52,P0721
53,B0891
54,P2504
55,H0393
56,H0654
57,H0978
58,H1305
59,H1491
60,H2365
62,H0636
63,H0907
64,H1133
65,H0571
66,H1643
67,P1661
68,K5707
69,K5455
70,C0571
71,C0023
73,B0493
74,B4434
75,B3867
76,B2854
77,I0514
78,C1324
1,B2376
2,116-07
3,B1497
4,H2300
5,B1578
6,K3114
7,B3109
8,P1473
9,A1089
10,A1366
11,I1220
12,I0649
13,B4443
14,A1145
15,P1687
16,001.02
17,B4597
18,B2307
19,B3913
20,C0183
21,P2021
22,K1924
23,P2489
24,000.65
25,L1494
26,L0804
27,B1121
28,I3917
29,42-07
30,P1392
31,C2185
32,C2100
33,I3600
34,I3674
35,I1735
36,P1004
37,P2098
38,B1987
39,I2634
41,I2349
42,I3387
43,B4154
44,K1871
45,B3553
46,B2557
47,A0058
48,A0870
49,B1646
50,A1438
51,B1313
52,P0729
53,B0894
54,P2697
55,H0400
56,H0660
57,H0984
58,H1306
59,H1504
60,H2367
62,H0638
63,H0911
64,H1136
65,H0572
66,H1647
67,P1664
68,K1786
69,K2360
70,C0572
71,C0027
73,B0512
74,B4453
75,B3875
76,B2865
77,I0553
78,C1333
1,P1722
2,125-07
3,B1032
4,H2340
5,B1409
6,K0812
7,B2891
8,B1368
9,A1103
10,B2203
11,I0704
12,I0780
13,B3979
14,A0661
15,P1845
16,014.02
17,B4580
18,B3986
19,C0115
20,B3267
21,P3171
22,L3359
23,P2565
24,000.86
25,L1420
26,L3425
27,B0869
28,B1769
29,34-07
30,P1395
31,C2319
32,C2007
33,I0599
34,I3646
35,I2629
36,P1073
37,P1121
38,I2427
39,I2883
41,I0538
42,I3831
43,C0239
44,K2078
45,B3542
46,B2563
47,A0071
48,A0882
49,B1648
51,B1314
52,P0730
53,B0897
54,P2892
55,H0401
56,H0662
57,H0985
58,H1307
59,H1513
60,H2369
62,H0641
63,H0913
64,H1144
65,H0573
66,H1654
67,P1669
68,K3379
69,K5607
70,C0578
71,C0032
73,B0516
74,B4461
75,B3877
76,B2874
77,I2647
78,C1351
1,P1545
2,137-07
3,B1617
4,H2335
5,B1570
6,P3525
7,C0044
8,A0837
9,A1176
10,B0439
11,I0782
12,B1400
13,B3597
14,P0706
15,P2380
16,L1058
17,B4462
18,B2198
19,C0589
20,C0126
21,001.53
22,L0644
23,P3498
24,K2053
25,009.50
26,000.85
27,A1236
28,A1230
29,70-07
30,68-07
31,C2087
32,C1895
33,I0596
34,I3303
35,I3161
36,P0834
37,P1974
38,I2379
39,I1520
41,I3437
42,K6445
43,C0229
44,K1235
45,B3581
46,B2576
47,A0092
48,A0986
49,B1656
50,A1448
51,B1320
52,P0748
53,B0899
54,P2907
55,H0403
56,H0673
57,H0994
58,H1308
59,H1518
60,H2380
62,H0654
63,H0915
64,H1158
65,H0574
66,H1659
67,P1673
68,K2373
69,K4048
70,C0580
71,C0058
73,B0527
74,B4463
75,B3881
76,B2885
77,I1457
78,C1376
1,P2191
2,P2015
3,B1829
4,H2391
5,P1970
6,B3952
7,B4545
8,C0095
9,A0945
10,B0213
11,I0786
12,I3197
13,B3873
14,P0680
15,P0143
16,L7799
17,B3116
18,B3602
19,A0064
20,B0497
21,012.39
22,L2669
23,P0083
24,K1539
25,012.72
26,L0419
27,A0324
28,I3690
29,35-07
30,P1353
31,C2008
32,C2338
33,I3826
34,I2303
35,I1559
36,P0596
37,A1437
38,I0857
39,I2148
41,I2360
42,K5279
43,B0898
44,K1037
45,B3539
46,B2577
47,A0119
48,A0909
49,B1658
50,A1451
51,A1331
52,P0812
53,B0901
54,P2908
55,H0405
56,H0678
57,H0997
58,H1312
59,H1520
60,H2409
62,H0657
63,H0918
64,H1165
65,H0576
66,H1660
67,P1693
68,K2034
69,K3278
70,C0582
71,C0063
73,B0541
74,B4471
75,B3886
76,B2889
77,I1108
78,C1390
1,P2122
2,P3191
3,B1440
4,H2555
5,A0168
6,B1051
7,B3021
8,A1288
9,A1057
10,B1668
11,I1703
12,I1616
13,C0341
14,P0822
15,K5611
16,004.50
17,164-07
18,C0151
19,B3753
20,B0520
21,000.81
22,L1892
23,P0019
24,K3012
25,013.51
26,K5277
27,A0083
28,I1670
29,I1768
30,56-07
31,C2042
32,C2389
33,P1796
34,I0524
35,I1742
36,P0598
37,P1143
38,B1972
39,I2634
41,I2208
42,K6088
43,C0427
44,K1005
45,B3536
46,B2578
47,A0127
48,A0910
49,B1672
50,A1471
51,B1341
52,P0816
53,B0912
54,P2912
55,H0406
56,H0684
57,H1001
58,H1316
59,H1524
60,H2418
62,H0663
63,H0631
64,H1175
65,H0577
66,H1703
67,P1694
68,K2803
69,K2976
70,C0586
71,C0064
73,B0597
74,B4478
75,B3898
76,B2892
77,H1876
78,C1391
1,P3249
2,138-07
3,B1630
4,H2427
5,B2303
6,B2656
7,B2969
8,A0619
9,A1333
10,B0293
11,I1805
12,I1193
13,B1336
14,A0928
15,K6241
16,844
17,173-07
18,B4017
19,C0374
20,B0185
21,L0071
22,L1833
23,P1387
24,K1632
25,L1023
26,000.15
27,A0258
28,A0414
29,7–07
30,P1586
31,C1842
32,C1835
33,P1803
34,I2711
35,I2697
36,P0880
37,I3597
38,B0562
39,I1032
41,I2225
42,K6658
43,C0445
44,K0274
45,B3526
46,B2579
47,A0129
48,A0922
49,B1674
50,A1480
51,B1348
52,P0827
53,B0920
54,P2916
55,H0408
56,E0685
57,H1004
58,H1317
60,H2423
62,H0665
63,H0250
64,H1180
65,H0614
66,H1715
67,P1703
68,K3269
69,K5906
70,C0581
71,C0067
73,B0504
74,B4479
75,B3909
76,B2901
77,I3427
78,C1396
1,P3247
2,126-07
3,B1402
4,H2382
5,B3282
6,B3573
7,C0746
8,A1122
9,A0730
10,B0396
11,I1840
12,I1156
13,P0704
14,A0925
15,K3325
16,843
17,154-07
18,C0050
19,B1842
20,B0343
21,L1678
22,L2175
23,L2192
24,007.02
25,L0547
26,L0290
27,A0145
28,A1226
29,50-07
30,P1486
31,C2157
32,C1991
33,I3188
34,I3602
35,I2604
36,P0654
37,B0191
38,I0584
39,I3218
41,I2360
42,K5865
43,B1691
44,K2379
45,B3522
46,B2586
47,A0137
48,A0924
49,B1680
50,A1487
51,B1365
52,P0830
53,B0922
54,P2944
55,H0411
56,H0690
57,H1006
58,H1320
60,H2428
62,H0666
63,H0258
64,H1186
65,H0599
66,H1719
67,P1705
68,K1744
69,K5854
70,C0588
71,C0071
73,B0507
74,B4482
75,B3915
76,B2905
77,I2607
78,C1404
1,P2923
2,117-07
3,B0612
4,H2377
5,B1933
6,C0453
7,B4057
8,A1003
9,A0617
10,B0218
11,H2241
12,I1581
13,P0618
14,P1015
15,L0483
16,839
17,178-07
18,C0012
19,B0794
20,B0419
21,L1514
22,L1883
23,L0908
24,000.30
25,004.93
26,013.88
27,A0831
28,B2623
29,I3748
30,69-07
31,B3499
32,C2156
33,I1065
34,I2429
35,I3235
36,P0914
37,I2352
38,I1334
39,I2434
41,I3416
42,I3414
43,B1812
44,K2369
45,B3518
46,B2588
47,A0162
48,A0937
49,B1685
50,A1489
51,B1373
52,P0865
53,B0923
54,P2945
55,H0413
56,H0701
57,H1015
58,H1327
60,H2444
62,H0669
63,H0262
64,H1187
65,H0598
66,H1736
67,P1706
68,K2039
69,K5245
70,C0591
71,C0080
73,B0564
74,B4507
75,B3918
76,B2906
77,I2992
78,C1410
1,P0737
2,B0273
3,B1143
4,H2334
5,A0923
6,C0958
7,C0113
8,A0801
9,A0464
10,B2059
11,I0956
12,H1994
13,B3989
14,P1288
15,L1468
16,832
17,B4394
18,B4033
19,B3474
20,C0482
21,000.02
22,L2540
23,P1505
24,002.41
25,L0492
26,L0691
27,A0635
28,B2209
29,I3801
30,P1421
31,C2148
32,C2333
33,I3316
34,I3294
35,H2358
36,B0552
37,I3580
38,I2643
39,I2935
41,I3206
42,K5866
43,A0435
44,K2446
45,B3511
46,B2594
47,A0174
48,A0958
49,B1686
50,A1490
51,B1380
52,P0877
53,B0926
54,P2954
55,H0417
56,H0712
57,H1017
58,H1331
62,H0677
63,H0267
64,H1191
65,H0596
66,H1737
67,P1707
68,K3755
69,K3751
70,C0591
71,C0081
73,B0499
74,B4511
75,B3921
76,B2909
77,I3181
78,C1417
1,P3020
2,109-07
3,B0859
4,A0872
5,B1436
6,B2106
7,C0997
8,A0603
9,A0718
10,B2081
11,I2669
12,I3067
13,C0430
14,P1498
15,L3099
16,829
17,B3251
18,B3916
19,B4547
20,B3948
21,L0421
22,L1687
23,P0117
24,016.78
25,L1279
26,L1282
27,A0971
28,I3517
29,I3808
30,P1303
31,C1814
32,E0017
33,I1614
34,I2695
35,I3499
36,P0960
37,C1292
38,I1978
39,I2991
41,I2392
42,K6270
43,P1464
44,K0839
45,B3505
46,B2661
47,A0204
48,A0962
49,B1687
50,A1498
51,B1386
52,P0885
53,B0927
54,P2983
55,H0419
56,H0713
57,H1025
58,H1334
62,H0678
63,H0269
64,H1193
65,H0593
66,H1739
67,P1716
68,K3424
69,K3533
70,C0616
71,C0094
73,B0580
74,B4518
75,B3932
77,I0746
78,C1423
1,P0709
2,100-07
3,B1142
4,H2375
5,B2009
6,B3538
7,B0769
8,A1009
9,A1395
10,A0690
11,I0926
12,I1653
13,C0613
14,P1684
15,K1007
16,824
17,C0144
18,C0454
19,B3645
20,A1497
21,B0851
22,L3832
23,P0025
24,001.67
25,L1274
26,K2408
27,A0612
28,B0687
29,40-07
30,P1389
31,C0741
32,B3063
33,85-07
34,I2433
35,I1341
36,P0613
37,B3867
38,I2747
39,I1044
41,I2378
42,K5795
43,B0953
44,K2927
45,B3494
46,B2602
47,A0212
48,A0970
49,B1688
50,A1527
51,B1422
52,P0888
53,B0929
54,P2984
55,H0420
56,H0720
57,H1045
58,H1337
62,H0679
63,H0272
64,H1198
65,H0584
66,H1742
67,P1740
68,K3760
69,K3661
70,C0625
71,C0101
73,B0584
74,B4534
75,B3933
77,I2731
78,C1426
1,P3355
2,91-07
3,B1171
4,B1241
5,B1318
6,B3756
7,B2995
8,A0869
9,A1080
10,B1165
11,I0612
12,I1175
13,B1722
14,P2976
15,K0260
16,820.00
17,B3303
18,B3996
19,C0749
20,B0914
21,B0645
22,L2435
23,P1995
24,L1918
25,L1192
26,K3273
27,A0981
28,I4003
29,31-07
30,P1477
31,C2172
32,C1860
33,I1814
34,I2626
36,P0926
37,P1097
38,I1704
39,I2236
41,I3497
42,K5508
43,B0903
44,K3080
45,B3476
46,B2603
47,A0218
48,A0989
49,B1692
50,A1779
51,B1430
52,P0897
53,B0940
54,P2994
55,H0424
56,H0726
57,H1056
58,H1340
62,H0683
63,H0273
65,H0578
66,I3963
67,P1743
68,K3352
69,K3913
70,C0628
71,C0102
73,B0585
75,B3942
77,I1414
78,C1440
1,P1852
2,82-07
3,B1253
4,B1115
5,P2430
6,B3783
7,B4087
8,A0518
9,A1058
10,B0532
11,I0784
12,I1937
13,P0133
14,P2444
15,K3053
16,L0898
17,B3156
18,B3265
19,C0933
20,B1516
21,B0598
22,L4081
23,P0986
24,L2664
25,L1281
26,K1838
27,A0334
28,I1582
29,1–06
30,P0027
31,B4297
32,C2509
33,I0833
34,I3655
36,P0098
37,P1017
38,B1236
39,I2353
41,I2443
42,K5205
43,B4352
44,K3440
45,B3475
46,B2604
47,A0227
48,A0995
49,B1744
50,A1780
51,B1432
52,P0898
53,B0946
54,P3007
55,H0426
56,H0729
57,H1059
58,H1342
62,H0685
63,H0274
65,H1197
66,K0798
67,P1757
68,K2832
69,K3725
70,C0636
71,C0104
73,B0588
77,I0505
1,P2119
2,83-07
3,B1199
4,H2249
5,A0524
6,C0827
7,B2904
8,A0915
9,A0523
10,B1140
11,I1378
12,I1686
13,C0463
14,P1657
15,K5034
16,015.55
17,B3961
18,C0167
19,B3917
20,B2191
21,B0413
22,L3670
23,P3349
24,L2186
25,L0595
26,A0785
27,A0046
28,A0164
29,I1633
30,10-06
31,C2061
32,C1275
33,I1376
34,I2407
36,P0114
37,I2581
38,I2929
39,I3245
41,I2302
42,K5902
43,A1326
44,K2758
45,B3472
46,B2613
47,A0253
48,A1005
49,B1759
50,A1783
51,B1460
53,B0951
54,P3024
55,H0929
58,H1354
62,H0699
63,H0283
65,H1199
66,K3405
67,P1778
68,K2681
69,K2047
70,C0638
71,C0108
73,B0589
77,I2046
1,P2905
2,92-07
3,B1494
4,B0925
5,B2595
6,B3769
7,B3392
8,A0722
9,A1199
10,B0312
11,I1976
12,I0597
13,C0178
14,P1465
15,K2660
16,L1138
17,B4503
18,B2152
19,B1536
20,B3223
21,B1994
22,L1950
24,L3675
25,L1384
26,A0508
27,A0244
28,I3789
29,45-07
31,C2568
32,C1234
33,I3412
34,I3618
36,P0878
37,P3060
38,I2877
39,H2074
41,I2334
42,K6100
43,A0052
44,K3380
45,B3470
46,B1825
47,A0257
48,A1013
49,B1767
50,A1904
51,B1462
53,B0952
54,P3031
67,P1809
68,K3892
69,K5410
70,C0645
71,C0111
73,B0595
1,B1168
2,191-07
3,B1919
4,B1450
5,B2322
6,C0096
7,B4435
8,C0208
9,A0556
10,B1349
11,I1754
12,H0603
13,B1521
14,P0951
15,K3648
16,L3049
17,177-07
18,B3637
19,C0622
20,B0594
21,T1656
22,L2595
24,L3275
25,L1160
26,K5651
27,A0664
28,A0898
29,I3428
31,C2208
32,C2557
33,I2306
34,I3907
36,P0847
37,B1249
38,B2678
39,I3103
41,I3566
42,K5125
43,B2135
44,K1863
45,B3467
46,B1827
47,A0282
48,A1015
49,B1772
50,A1905
51,B1483
53,B0956
54,P3045
67,P1812
68,K2854
69,K5233
70,C0649
71,C0117
1,B0143
2,110-07
3,B1421
4,B2562
5,B1815
6,B4598
7,B3978
8,A0700
9,A0954
10,B0256
11,I3135
12,I2203
13,P1052
14,P2080
15,K3503
16,L3353
17,B3268
18,B2246
19,P1846
20,B0809
22,L1621
24,004.76
25,017.35
26,K3459
27,A0629
28,A0301
29,25-07
31,C1798
32,C2329
33,I2337
34,I3873
36,P1016
37,B2659
38,I0804
39,I2676
41,I3374
42,K6177
43,C0385
44,K2242
45,B2868
46,B1828
47,A0289
48,A1016
49,B1777
50,A1912
51,A1484
53,B0965
54,P3063
67,P1817
68,K2125
69,K2163
70,C0671
71,C0174
1,B0650
2,B0815
3,B1541
4,H2420
5,B3302
6,C0468
7,B3071
8,A0595
9,A0768
10,B1031
11,H0727
12,I1381
13,P0866
14,A0840
15,K2674
16,L1156
17,B3171
18,C0242
19,B3506
20,B0050
22,L0661
24,L3756
25,L1025
26,K3346
27,A0849
28,B2019
29,44-07
31,E0090
32,E0013
33,I1440
34,I3343
36,P0820
37,P1056
38,I3225
39,I0610
41,I2307
42,K5645
43,A1064
44,K3095
45,B1742
46,B1835
47,A0297
48,A1028
49,B1791
50,A1914
51,B0613
53,B0970
54,P3064
67,P1817 (x2)
68,K3322
69,K5661
70,C0673
71,C0125
1,B1480
2,118-07
3,B0968
4,H2422
5,B1811
6,C0530
7,B4416
8,A0548
9,A0846
10,B0319
11,I0664
12,I1619
13,C0397
14,A0549
15,K3272
16,L3180
17,B4043
18,B3891
19,B4073
20,A0128
22,L0774
24,000.31
25,L1203
26,L1249
27,A0066
28,I4067
29,22-07
31,E0163
32,C2009
33,87-07
34,I3758
36,P0921
37,P1149
38,I1888
39,I3191
41,I2341
42,K6267
43,B1968
44,K1111
45,B1739
46,B1840
47,A0299
48,A1050
49,B1792
50,A1918
51,B0617
53,P0928
54,P3066
67,P1823
68,K2357
69,K1832
70,C0681
71,C0128
1,B0318
2,127-07
3,B1439
4,H2539
5,B1831
6,B1747
7,C0291
8,A1248
9,A0946
10,A0193
11,I0935
12,I0670
13,C0980
14,P0978
15,K6015
16,L2934
17,B3069
18,B3161
19,B3969
20,A1004
22,L0742
24,004.24
25,004.68
26,000.46
27,A0469
28,I3796
29,21-07
31,C2004
32,C1957
33,I1271
34,I3424
36,P0931
37,P1098
38,I2614
39,I2975
41,I3156
42,K6471
43,C0387
44,K0361
45,B1738
46,B1841
47,A0313
48,A1053
49,B1803
50,A1926
51,B0618
53,P0943
54,P3075
67,P1831
68,K3447
69,K4046
71,C0137
1,B0062
2,139-07
3,B1478
4,H2540
5,B1543
6,B3687
7,C0871
8,A0795
9,A1195
10,B1294
11,I0840
12,I1884
13,P0829
14,P0814
15,I3360
16,000.59
17,163-07
18,B3666
19,C0841
20,B1078
22,L2125
24,K0302
25,L1867
26,K5141
27,A0141
28,B0949
29,1638835200
31,C1821
32,B4079
33,I1949
34,I2594
36,P0097
37,P3034
38,I2875
39,I2850
41,I3305
42,K6091
43,B1875
44,K2142
45,B1719
46,B1843
47,A0317
48,A1065
49,B1805
50,A1935
51,B0636
53,P0962
54,P3077
67,P1848
68,K3266
69,K6447
70,C0691
1,B1905
2,150-07
3,B1234
4,H2583
5,P2395
6,C0290
7,B3618
8,A0739
9,A0791
10,B0109
11,I1387
12,I2881
13,P1043
14,P0180
15,K0698
16,L1957
17,B3670
18,B3838
20,B0624
22,L2627
24,K1522
25,L0638
26,L1495
27,A1180
28,I4000
29,13-07
31,C2434
32,C1925
33,128-07
34,I3174
36,P0218
37,P3035
38,I3109
39,I2300
41,I3327
42,K5084
43,B3672
44,K2170
45,B1710
46,B1847
47,A0328
48,A1066
49,B1814
50,A1937
51,B0654
53,P0981
54,P3095
67,P1867
68,K0460
69,K6164
70,C0695
1,P0718
2,B0255
3,B0629
4,H2580
5,B0297
6,B1713
7,B3141
8,A0682
9,A1073
10,B2002
11,I1255
12,I1505
13,P0076
14,P0127
15,K1782
16,814
17,B3792
18,B3002
19,A0752
20,B1242
22,L1831
24,K1628
25,L1290
26,000.88
27,A0873
28,I4070
29,14-07
31,C1806
32,C2005
33,130-07
34,I3829
36,P0589
37,I3614
38,I1342
39,I1780
41,I3066
42,K6455
43,B1271
44,K3590
45,B1705
46,B1849
47,A0331
48,A1078
49,B0971
50,A1940
53,P0911
54,P3107
67,P1874
68,K5860
70,C0699
2,140-07
3,B1652
4,H2577
5,B1776
6,B1885
7,B4002
8,A1232
10,B1757
11,H1582
12,I1258
13,C0883
14,A0147
15,K2847
16,811
17,B3655
18,B3764
19,C0760
20,B1992
22,005.42
24,I3537
25,L0381
26,K2113
27,A0009
28,A0750
29,3–07
31,E0233
32,C1858
34,I3571
36,P0940
38,I2908
39,I2690
41,I3242
42,K5881
43,A1069
44,K3440
45,B1702
46,B1862
47,A0343
48,A1109
49,B0980
50,A1946
53,P0916
54,P3181
67,P1875
68,K4004
70,C0721
2,131-07
3,B1666
4,H2527
5,B0753
6,C0121
7,C0135
8,A1162
10,B0045
11,H1998
12,I1212
13,P0624
14,A0728
15,K3747
16,810
17,B3037
18,B1726
19,B1410
20,B2922
22,L2064
24,L0737
25,L1458
26,K2518
27,A0109
28,B1899
29,17-07
31,C1956
32,E0018
34,I3155
36,P0935
38,I2602
39,I2871
42,K5962
43,C0418
44,K1045
45,B0481
46,B1863
47,A0346
48,A1113
49,B0981
50,A1948
53,P0925
54,P3112
67,P1878
70,C0726
2,119-07
3,B0902
4,A0505
5,B2672
6,B1150
7,C0263
8,A0788
10,B1018
11,H1790
12,I1723
13,P0819
14,P3235
15,K2248
16,809
17,B3684
19,B2069
20,B2306
22,L3004
24,001.52
25,L0398
26,L1324
27,A0261
28,A0877
29,15-07
31,E0022
32,C2038
34,I3335
36,P1077
38,I2405
39,I3139
43,B3680
44,K0982
45,A0184
46,B1865
47,A0349
48,A1114
49,B0987
50,A1957
53,P0993
54,P3118
67,P1879
70,C0734
2,B1426
3,B1524
4,H2419
5,B2128
6,B1864
7,B3643
8,A1142
10,B0672
11,I0772
12,I0880
13,P0611
14,P0058
15,K2947
16,807
17,B3314
20,B1501
22,L3001
24,L2360
25,L1372
26,L1113
27,A1359
28,A0607
29,23-07
31,E0155
32,C2336
36,P0687
38,I1162
39,I0899
44,K3487
45,B2140
46,B1870
47,A0365
48,A1117
49,B0990
50,A2078
53,P1034
54,P3194
70,C0747
2,B1660
3,B1407
4,B1650
5,A0861
6,B2693
7,B3805
8,A0793
10,B1871
11,I0997
12,I0862
13,C0684
14,P0736
15,I2502
16,804
17,B4045
22,L2202
24,000.84
25,L1043
26,L0457
27,A0917
28,B1308
29,I0890
31,C2069
32,C2002
39,I2805
44,K0517
45,B2142
46,B1880
47,A0374
48,A1124
49,B0994
53,P1042
54,P3128
70,C0750
2,102-07
3,B1789
4,H2240
5,P0816
6,C0206
8,A1279
10,B0893
11,I1997
12,H2014
13,P0804
14,P1635
16,802
22,L3313
24,000.21
25,L0499
26,K0266
27,A0935
28,A0871
29,I4068
31,C1872
32,C2091
44,K1088
45,B2146
46,B1883
47,A0380
48,A1126
49,B0996
54,P3143
70,C0751
2,93-07
3,B0993
4,B0575
5,P1106
6,B1520
11,I1309
13,P3040
14,P2061
16,801
22,L0261
24,001.63
25,L0322
26,K2171
27,A0894
28,I3512
29,NULL
31,C2231
44,K1147
45,B2147
46,B1884
47,A0387
48,A1127
49,B0997
54,P3150
70,C0752
2,84-07
4,B1296
16,000.95
22,L0458
24,000.38
25,L1761
28,I3455
29,NULL
44,K3906
45,B2158
46,B1903
47,A0402
48,A1128
49,B1000
54,P3152
16,000.11
22,L3212
25,L1269
29,NULL
44,K3024
16,001.44
22,L2390
25,L1839
29,NULL
44,K2666
16,011.72
22,L0710
25,002.49
29,NULL
16,L1161
25,L1402
29,NULL
16,004.56
25,L1275
29,NULL
16,001.05
25,017.18
29,NULL
16,L2109
25,L1285
29,NULL
16,014.56
25,L1110
29,NULL
16,L1468
25,001.62
29,NULL
16,012.42
25,006.75
29,NULL
25,L0641
29,NULL
25,013.48
29,NULL
25,L2622
29,NULL
25,L3668
29,NULL
25,L1331
29,NULL
25,L0753
29,NULL
