observer_id,date,concentration,cv,plate_id,protocol_id,extract_id,id
BJD,2011-05-31,19.501,10,C.2011.53,CB325,1367,1
BJD,2011-05-22,17.512,26.5,C.2011.16,CB325,1805,2
BJD,2011-05-23,53.816,24.3,C.2011.30,CB325,1899,3
BJD,2011-05-28,27.876,14.1,C.2011.33,CB325,2556,4
BJD,2011-05-30,35.5,24.6,C.2011.46,CB325,3355,5
BJD,2011-05-31,20.205,4.9,C.2011.54,CB325,3941,6
BJD,2011-05-22,31.311,3.2,C.2011.7,CB325,2,7
BJD,2009-04-17,58.233,NA,C.LTGrid.2008.14,CB325,1374,8
BJD,2011-05-15,20.351,1.7,C.2011.2,CB3210,1425,9
BJD,2009-04-17,7.104,NA,C.2007.4,CB325,1432,10
BJD,2011-06-01,14.281,1.5,C.2011.56,CB325,1450,11
BJD,2011-06-01,15.057,2.4,C.2011.56,CB325,1451,12
BJD,2011-06-01,10.219,NA,C.2011.56,CB325,1452,13
BJD,2011-05-15,34.296,4.1,C.2011.2,CB3210,1453,14
BJD,2011-06-01,43.489,6.2,C.2011.56,CB325,1454,15
BJD,2009-04-17,22.741,NA,C.LTGrid.2008.14,CB325,1455,16
BJD,2009-04-17,50.077,NA,C.LTGrid.2008.14,CB325,1456,17
BJD,2009-04-17,18.302,NA,C.LTGrid.2008.14,CB325,1457,18
BJD,2009-04-17,7.104,NA,C.LTGrid.2008.14,CB325,1458,19
BJD,2009-04-17,7.625,NA,C.LTGrid.2008.14,CB325,1459,20
BJD,2009-04-17,11.84,NA,C.LTGrid.2008.14,CB325,1460,21
BJD,2009-04-17,6.772,NA,C.LTGrid.2008.14,CB325,1461,22
BJD,2011-06-01,12.367,NA,C.2011.56,CB325,1511,23
BJD,2011-06-01,33.61,6.4,C.2011.56,CB325,1512,24
BJD,2011-06-01,115.035,NA,C.2011.56,CB325,1514,25
BJD,2011-06-01,17.602,2.7,C.2011.56,CB325,1515,26
BJD,2011-05-15,25.756,3.8,C.2011.2,CB3210,1525,27
BJD,2011-05-15,54.307,11.7,C.2011.2,CB3210,1527,28
BJD,2011-05-23,10.716,4.2,C.2011.11,CB325,1853,29
BJD,2011-05-23,74.045,20.9,C.2011.13,CB325,1905,30
BJD,2011-05-28,9.845,NA,C.2011.32,CB325,1918,31
BJD,2011-05-26,7.98,17,C.2011.24,CB325,2040,32
BJD,2011-05-28,19.867,5.1,C.2011.35,CB325,2064,33
BJD,2011-05-26,3.608,2.7,C.2011.23,CB325,14,34
BJD,2011-05-28,33.831,2.3,C.2011.35,CB325,2124,35
BJD,2011-05-26,14.382,NA,C.2011.17,CB325,2128,36
BJD,2011-05-26,13.666,19.1,C.2011.24,CB325,2132,37
BJD,2011-05-26,3.619,NA,C.2011.23,CB325,2133,38
BJD,2011-05-26,18.244,NA,C.2011.24,CB325,2134,39
BJD,2011-05-26,38.059,11.4,C.2011.22,CB325,2138,40
BJD,2011-05-27,11.945,NA,C.2011.25,CB325,2143,41
BJD,2011-05-23,7.486,13.3,C.2011.13,CB325,2148,42
BJD,2011-05-27,13.512,3.4,C.2011.29,CB325,2172,43
BJD,2011-05-26,35.466,2.3,C.2011.22,CB325,2175,44
BJD,2011-05-26,13.848,13.2,C.2011.22,CB325,2235,45
BJD,2011-05-27,5.835,NA,C.2011.26,CB325,2236,46
BJD,2011-05-28,5.146,3.6,C.2011.32,CB325,2263,47
BJD,2011-05-26,12.89,NA,C.2011.24,CB325,2269,48
BJD,2011-05-25,16.956,2.6,C.2011.19,CB325,2271,49
BJD,2011-05-26,32.857,8,C.2011.21,CB325,2274,50
BJD,2011-05-23,16.092,11.9,C.2011.14,CB325,2277,51
BJD,2011-05-28,2.816,NA,C.2011.31,CB325,2284,52
BJD,2011-05-27,51.177,19.6,C.2011.27,CB325,2298,53
BJD,2011-05-27,38.532,19.5,C.2011.27,CB325,2303,54
BJD,2011-05-26,21.076,NA,C.2011.24,CB325,2309,55
BJD,2011-05-27,26.217,2.6,C.2011.26,CB325,2315,56
BJD,2011-05-25,18.256,5.3,C.2011.19,CB325,2318,57
BJD,2011-05-26,31.885,6.9,C.2011.22,CB325,2322,58
BJD,2011-05-27,24.367,NA,C.2011.30,CB325,2331,59
BJD,2011-05-23,11.749,3.6,C.2011.12,CB325,2332,60
BJD,2011-05-31,19.085,4.6,C.2011.53,CB325,2333,61
BJD,2011-05-27,22.473,0,C.2011.26,CB325,2335,62
BJD,2011-05-27,9.956,NA,C.2011.30,CB325,2338,63
BJD,2011-05-25,240.873,NA,C.2011.19,CB325,2342,64
BJD,2011-05-26,21.428,12.2,C.2011.24,CB325,2343,65
BJD,2011-05-28,14.888,6.9,C.2011.33,CB325,2357,66
BJD,2011-05-27,19.698,0,C.2011.30,CB325,2359,67
BJD,2011-05-31,11.92,2,C.2011.53,CB325,2375,68
BJD,2011-05-28,12,NA,C.2011.31,CB325,2382,69
BJD,2011-05-24,19.187,9.8,C.2011.15,CB325,2384,70
BJD,2011-05-23,18.636,2.5,C.2011.12,CB325,2385,71
BJD,2011-05-26,7.93,NA,C.2011.24,CB325,2387,72
BJD,2011-05-27,9.243,NA,C.2011.27,CB325,2395,73
BJD,2011-05-27,26.818,4.8,C.2011.26,CB325,2400,74
BJD,2011-05-26,17.966,2,C.2011.24,CB325,2409,75
BJD,2011-05-28,133.012,1.9,C.2011.31,CB325,2427,76
BJD,2011-05-31,29.44,5.6,C.2011.53,CB325,2431,77
BJD,2011-05-28,28.255,NA,C.2011.32,CB325,2435,78
BJD,2011-05-23,9.876,1.8,C.2011.13,CB325,2461,79
BJD,2011-05-31,18.827,1.1,C.2011.53,CB325,2464,80
BJD,2011-05-26,28.793,9.4,C.2011.22,CB325,2465,81
BJD,2011-05-27,33.21,3.7,C.2011.28,CB325,2467,82
BJD,2011-05-27,27.734,4.7,C.2011.30,CB325,2468,83
BJD,2011-05-26,116.991,2.6,C.2011.22,CB325,2469,84
BJD,2011-05-26,20.508,NA,C.2011.21,CB325,2471,85
BJD,2011-05-28,16.237,1.7,C.2011.32,CB325,2477,86
BJD,2011-05-23,14.591,0.6,C.2011.12,CB325,2478,87
BJD,2011-05-27,21.796,NA,C.2011.30,CB325,2484,88
BJD,2011-05-23,15.375,4.36,C.2011.12,CB325,2487,89
BJD,2011-05-28,36.577,9.1,C.2011.33,CB325,2491,90
BJD,2011-05-28,10.509,0.5,C.2011.32,CB325,2499,91
BJD,2011-05-28,9.946,NA,C.2011.34,CB325,2503,92
BJD,2011-05-28,76.933,3.3,C.2011.31,CB325,2504,93
BJD,2011-05-31,3.515,2.9,C.2011.53,CB325,2505,94
BJD,2011-05-27,91.127,5.9,C.2011.29,CB325,2506,95
BJD,2011-05-27,20.197,NA,C.2011.26,CB325,2509,96
BJD,2011-05-31,1.454,NA,C.2011.54,CB325,2511,97
BJD,2011-05-27,55.331,7.2,C.2011.27,CB325,2516,98
BJD,2011-05-30,17.699,4.1,C.2011.44,CB325,2517,99
BJD,2011-05-26,26.587,3.3,C.2011.22,CB325,2519,100
BJD,2011-05-27,16.325,6.9,C.2011.28,CB325,2523,101
BJD,2011-05-26,5.964,3,C.2011.17,CB325,2531,102
BJD,2011-05-27,14.484,1.2,C.2011.27,CB325,2533,103
BJD,2011-05-28,15.798,0.4,C.2011.32,CB325,2545,104
BJD,2011-05-28,24.974,0,C.2011.44,CB325,2547,105
BJD,2011-05-30,28.863,19.9,C.2011.44,CB325,2551,106
BJD,2011-05-27,41.57,6.9,C.2011.28,CB325,2555,107
BJD,2011-05-27,3.225,NA,C.2011.28,CB325,2559,108
BJD,2011-05-27,31.194,2.9,C.2011.27,CB325,2562,109
BJD,2011-05-31,110.503,9.3,C.2011.54,CB325,2565,110
BJD,2011-05-28,13.546,5.2,C.2011.35,CB325,2568,111
BJD,2011-05-29,19.075,1.2,C.2011.39,CB325,2569,112
BJD,2011-05-27,42.283,4.1,C.2011.27,CB325,2573,113
BJD,2011-05-27,43.904,NA,C.2011.28,CB325,2575,114
BJD,2011-05-28,15.966,NA,C.2011.34,CB325,2576,115
BJD,2011-05-31,36.065,NA,C.2011.53,CB325,2578,116
BJD,2011-05-26,24.76,1.8,C.2011.24,CB325,2585,117
BJD,2011-05-28,9.245,NA,C.2011.32,CB325,2597,118
BJD,2011-05-27,41.394,NA,C.2011.25,CB325,2598,119
BJD,2011-05-28,42.014,11.9,C.2011.34,CB325,2602,120
BJD,2011-05-27,19.493,7.3,C.2011.26,CB325,2605,121
BJD,2011-05-23,50.172,12,C.2011.12,CB325,2610,122
BJD,2011-05-31,10.295,1.2,C.2011.51,CB325,2612,123
BJD,2011-05-27,50.228,8.2,C.2011.27,CB325,2617,124
BJD,2011-05-28,39.933,15,C.2011.31,CB325,2620,125
BJD,2011-05-27,23.744,NA,C.2011.28,CB325,2624,126
BJD,2011-05-28,76.81,NA,C.2011.33,CB325,2632,127
BJD,2011-05-28,16.143,18.4,C.2011.31,CB325,2633,128
BJD,2011-05-27,32.321,7.7,C.2011.28,CB325,2634,129
BJD,2011-05-28,18.657,NA,C.2011.34,CB325,2638,130
BJD,2011-05-31,3.364,27.2,C.2011.53,CB325,2640,131
BJD,2011-05-27,26.521,10.9,C.2011.27,CB325,2642,132
BJD,2011-05-28,40.827,0.8,C.2011.31,CB325,2644,133
BJD,2011-05-27,13.858,NA,C.2011.28,CB325,2648,134
BJD,2011-05-27,56.867,NA,C.2011.27,CB325,2650,135
BJD,2011-05-28,6.511,0.2,C.2011.34,CB325,2653,136
BJD,2011-05-28,28.901,NA,C.2011.31,CB325,2655,137
BJD,2011-05-27,44.885,5.5,C.2011.28,CB325,2657,138
BJD,2011-05-28,235.659,4.3,C.2011.32,CB325,2659,139
BJD,2011-05-27,30.086,4.1,C.2011.26,CB325,2662,140
BJD,2011-05-27,11.12,NA,C.2011.29,CB325,2663,141
BJD,2011-05-27,12.341,10.9,C.2011.28,CB325,2664,142
BJD,2011-05-27,9.692,NA,C.2011.27,CB325,2666,143
BJD,2011-05-29,5.86,17.6,C.2011.38,CB325,2669,144
BJD,2011-05-27,25.072,1.6,C.2011.28,CB325,2673,145
BJD,2011-05-31,6.847,NA,C.2011.53,CB325,2676,146
BJD,2011-05-27,135.489,13.7,C.2011.27,CB325,2677,147
BJD,2011-05-29,13.906,10,C.2011.42,CB325,2694,148
BJD,2011-05-27,10.931,NA,C.2011.28,CB325,2700,149
BJD,2011-05-27,26.909,8.2,C.2011.27,CB325,2708,150
BJD,2011-05-29,74.193,10.9,C.2011.38,CB325,2716,151
BJD,2011-05-28,44.994,NA,C.2011.33,CB325,2734,152
BJD,2011-05-23,21.675,13.5,C.2011.13,CB325,2741,153
BJD,2011-05-27,18.666,NA,C.2011.27,CB325,2752,154
BJD,2011-05-27,18.53,3.2,C.2011.27,CB325,2754,155
BJD,2011-05-26,14.634,8,C.2011.22,CB325,2755,156
BJD,2011-05-28,43.091,1.5,C.2011.34,CB325,2761,157
BJD,2011-05-27,4.749,9.2,C.2011.27,CB325,2763,158
BJD,2011-05-28,23.389,NA,C.2011.34,CB325,2771,159
BJD,2011-05-28,40.202,4.1,C.2011.31,CB325,2772,160
BJD,2011-05-27,51.741,7,C.2011.28,CB325,2773,161
BJD,2011-05-27,6.105,2,C.2011.28,CB325,2776,162
BJD,2011-05-27,4.783,0,C.2011.28,CB325,2788,163
BJD,2011-05-30,22.414,10.2,C.2011.43,CB325,2789,164
BJD,2011-05-29,54.597,7.6,C.2011.37,CB325,2794,165
BJD,2011-05-28,22.562,4.2,C.2011.36,CB325,2795,166
BJD,2011-05-30,27.985,1.8,C.2011.45,CB325,2799,167
BJD,2011-05-28,11.838,6.5,C.2011.36,CB325,2800,168
BJD,2011-05-28,50.661,4.9,C.2011.36,CB325,2802,169
BJD,2011-05-29,59.26,6.3,C.2011.37,CB325,2808,170
BJD,2011-05-29,55.169,9.3,C.2011.38,CB325,2809,171
BJD,2011-05-25,31.47,17.5,C.2011.19,CB325,2810,172
BJD,2011-05-28,42.011,0,C.2011.34,CB325,2814,173
BJD,2011-05-28,26.388,5,C.2011.33,CB325,2819,174
BJD,2011-05-28,15.092,0,C.2011.32,CB325,2825,175
BJD,2011-05-30,34.354,17.4,C.2011.44,CB325,2829,176
BJD,2011-05-30,30.034,6.8,C.2011.47,CB325,2830,177
BJD,2011-05-31,24.045,8.1,C.2011.53,CB325,2831,178
BJD,2011-05-28,28.76,7.7,C.2011.33,CB325,2832,179
BJD,2011-05-28,22.771,12.7,C.2011.34,CB325,2836,180
BJD,2011-05-23,12.748,4.2,C.2011.14,CB325,2837,181
BJD,2011-05-23,44.186,18.2,C.2011.13,CB325,2841,182
BJD,2011-05-27,39.955,NA,C.2011.27,CB325,2844,183
BJD,2011-05-29,36.277,NA,C.2011.39,CB325,2851,184
BJD,2011-05-28,21.618,7.1,C.2011.34,CB325,2857,185
BJD,2011-05-31,8.374,2.6,C.2011.53,CB325,2858,186
BJD,2011-05-29,77.417,11.7,C.2011.38,CB325,2863,187
BJD,2011-05-26,20.694,NA,C.2011.22,CB325,2867,188
BJD,2011-05-29,29.699,4.3,C.2011.38,CB325,2874,189
BJD,2011-05-23,27.822,18.5,C.2011.12,CB325,2875,190
BJD,2011-05-28,10.395,11.2,C.2011.31,CB325,2879,191
BJD,2011-05-26,15.838,16.9,C.2011.17,CB325,2883,192
BJD,2011-05-27,7.987,NA,C.2011.27,CB325,2888,193
BJD,2011-05-28,16.806,5,C.2011.33,CB325,2892,194
BJD,2011-05-26,22.177,NA,C.2011.21,CB325,2895,195
BJD,2011-05-27,62.091,20.2,C.2011.30,CB325,2903,196
BJD,2011-05-29,8.87,NA,C.2011.38,CB325,2915,197
BJD,2011-05-28,22.04,4.6,C.2011.35,CB325,2919,198
BJD,2011-05-27,15.309,19,C.2011.25,CB325,2923,199
BJD,2011-05-26,51.297,2.5,C.2011.22,CB325,2925,200
BJD,2011-05-26,21.043,NA,C.2011.21,CB325,2940,201
BJD,2011-05-23,16.338,7.3,C.2011.12,CB325,2941,202
BJD,2011-05-26,16.632,20.4,C.2011.23,CB325,2943,203
BJD,2011-05-26,49.486,3.4,C.2011.20,CB325,2945,204
BJD,2011-05-28,42.027,NA,C.2011.33,CB325,2946,205
BJD,2011-05-25,24.066,12.6,C.2011.19,CB325,2950,206
BJD,2011-05-26,15.436,5,C.2011.22,CB325,2961,207
BJD,2011-05-28,9.964,3.4,C.2011.33,CB325,2962,208
BJD,2011-05-25,38.28,NA,C.2011.19,CB325,2964,209
BJD,2011-05-29,46.185,5.9,C.2011.39,CB325,2966,210
BJD,2011-05-27,17.088,2.3,C.2011.29,CB325,2967,211
BJD,2011-05-24,22.265,10.4,C.2011.15,CB325,2968,212
BJD,2011-05-27,12.249,NA,C.2011.26,CB325,2970,213
BJD,2011-05-27,12.249,NA,C.2011.26,CB325,2970,214
BJD,2011-05-26,37.006,NA,C.2011.22,CB325,2974,215
BJD,2011-05-28,64.454,NA,C.2011.33,CB325,2978,216
BJD,2011-05-28,23.051,0.7,C.2011.33,CB325,2980,217
BJD,2011-05-28,68.46,2.5,C.2011.35,CB325,2981,218
BJD,2011-05-29,25.889,NA,C.2011.37,CB325,2989,219
BJD,2011-05-23,62.778,2.4,C.2011.12,CB325,2994,220
BJD,2011-05-27,43.757,5.5,C.2011.30,CB325,2996,221
BJD,2011-05-28,20.171,15.7,C.2011.34,CB325,2997,222
BJD,2011-05-23,20.26,4.3,C.2011.12,CB325,3001,223
BJD,2011-05-27,16.128,1.9,C.2011.26,CB325,3002,224
BJD,2011-05-23,13.149,5.8,C.2011.12,CB325,3005,225
BJD,2011-05-29,32.956,9.2,C.2011.38,CB325,3012,226
BJD,2011-05-30,20.918,NA,C.2011.48,CB325,3025,227
BJD,2011-05-27,47.97,9.4,C.2011.25,CB325,3036,228
BJD,2011-05-28,21.833,8.7,C.2011.34,CB325,3040,229
BJD,2011-05-28,26.38,0.3,C.2011.34,CB325,3064,230
BJD,2011-05-23,49.174,0.3,C.2011.14,CB325,3067,231
BJD,2011-05-28,32.934,1.1,C.2011.32,CB325,3079,232
BJD,2011-05-23,7.736,NA,C.2011.13,CB325,3091,233
BJD,2011-05-28,66.152,11.1,C.2011.36,CB325,3094,234
BJD,2011-05-27,26.39,16.4,C.2011.29,CB325,3095,235
BJD,2011-05-26,35.455,18.5,C.2011.17,CB325,3104,236
BJD,2011-05-27,24.46,NA,C.2011.30,CB325,3112,237
BJD,2011-05-23,10.542,1,C.2011.14,CB325,3124,238
BJD,2011-05-28,6.857,7.9,C.2011.34,CB325,3128,239
BJD,2011-05-28,27.185,NA,C.2011.33,CB325,3140,240
BJD,2011-05-29,16.476,17,C.2011.38,CB325,3148,241
BJD,2011-05-28,20.627,0.7,C.2011.34,CB325,3182,242
BJD,2011-05-29,6.124,11.1,C.2011.38,CB325,3190,243
BJD,2011-05-23,12.689,NA,C.2011.14,CB325,3193,244
BJD,2011-05-30,27.222,11.3,C.2011.47,CB325,3194,245
BJD,2011-05-30,44.25,12.5,C.2011.44,CB325,3204,246
BJD,2011-05-27,11.926,1.4,C.2011.28,CB325,3212,247
BJD,2011-05-27,11.365,13.8,C.2011.26,CB325,3223,248
BJD,2011-05-30,48.018,NA,C.2011.45,CB325,3225,249
BJD,2011-05-31,29.724,2.1,C.2011.49,CB325,3233,250
BJD,2011-05-31,26.034,NA,C.2011.50,CB325,3235,251
BJD,2011-05-30,8.049,6.1,C.2011.48,CB325,3241,252
BJD,2011-05-31,12.584,NA,C.2011.51,CB325,3256,253
BJD,2011-05-31,19.092,10.2,C.2011.50,CB325,3258,254
BJD,2011-05-30,20.066,7.2,C.2011.48,CB325,3267,255
BJD,2011-05-30,58.703,12.2,C.2011.45,CB325,3268,256
BJD,2011-05-30,33.956,0.8,C.2011.48,CB325,3277,257
BJD,2011-05-31,24.84,1.7,C.2011.49,CB325,3283,258
BJD,2011-05-30,22.606,NA,C.2011.47,CB325,3308,259
BJD,2011-05-30,16.796,1,C.2011.45,CB325,3309,260
BJD,2011-05-30,8.659,15.5,C.2011.47,CB325,3318,261
BJD,2011-05-30,14.402,NA,C.2011.47,CB325,3319,262
BJD,2011-05-30,17.015,5.3,C.2011.45,CB325,3324,263
BJD,2011-05-30,50.659,NA,C.2011.46,CB325,3325,264
BJD,2011-05-30,60.533,13.9,C.2011.48,CB325,3326,265
BJD,2011-05-31,42.309,NA,C.2011.49,CB325,3329,266
BJD,2011-05-31,25.031,9.3,C.2011.49,CB325,3330,267
BJD,2011-05-30,15.99,5.9,C.2011.45,CB325,3334,268
BJD,2011-05-26,38.955,NA,C.2011.23,CB325,3342,269
BJD,2011-05-31,18.146,14.8,C.2011.51,CB325,3346,270
BJD,2011-05-24,44.486,5.4,C.2011.15,CB325,3350,271
BJD,2011-05-23,26.974,7.4,C.2011.14,CB325,3351,272
BJD,2011-05-30,6.132,NA,C.2011.48,CB325,3354,273
BJD,2011-05-30,32.369,NA,C.2011.48,CB325,3357,274
BJD,2011-05-29,12.658,6.1,C.2011.37,CB325,3362,275
BJD,2011-05-24,2.069,NA,C.2011.15,CB325,3365,276
BJD,2011-05-26,31.149,10,C.2011.24,CB325,3366,277
BJD,2011-05-30,16.114,3,C.2011.47,CB325,3368,278
BJD,2011-05-27,44.211,7.1,C.2011.26,CB325,3369,279
BJD,2011-05-30,20.628,12.5,C.2011.46,CB325,3375,280
BJD,2011-05-31,22.747,1.7,C.2011.49,CB325,3378,281
BJD,2011-05-30,45.764,2.7,C.2011.48,CB325,3379,282
BJD,2011-05-30,64.051,1.4,C.2011.48,CB325,3381,283
BJD,2011-05-24,45.576,17.5,C.2011.15,CB325,3383,284
BJD,2011-05-30,21.506,NA,C.2011.48,CB325,3386,285
BJD,2011-05-31,11.262,1.6,C.2011.49,CB325,3391,286
BJD,2011-05-30,33.523,9.4,C.2011.47,CB325,3398,287
BJD,2011-05-30,33.064,0.9,C.2011.45,CB325,3400,288
BJD,2011-05-30,10.823,5.8,C.2011.46,CB325,3401,289
BJD,2011-05-31,29.433,3,C.2011.50,CB325,3402,290
BJD,2011-05-30,11.377,16.9,C.2011.48,CB325,3404,291
BJD,2011-05-31,18.018,3.9,C.2011.54,CB325,3407,292
BJD,2011-05-29,12.065,4.3,C.2011.39,CB325,3415,293
BJD,2011-05-29,190.321,5.6,C.2011.41,CB325,3419,294
BJD,2011-05-29,16.865,18.7,C.2011.39,CB325,3420,295
BJD,2011-05-29,63.278,8.6,C.2011.39,CB325,3422,296
BJD,2011-05-28,91.694,1.2,C.2011.36,CB325,3429,297
BJD,2011-05-29,28.527,14.3,C.2011.37,CB325,3431,298
BJD,2011-05-28,43.64,NA,C.2011.36,CB325,3434,299
BJD,2011-05-30,18.593,4.4,C.2011.44,CB325,3435,300
BJD,2011-05-29,15.241,10,C.2011.38,CB325,3441,301
BJD,2011-05-29,78.014,4,C.2011.37,CB325,3443,302
BJD,2011-05-31,31.112,1,C.2011.51,CB325,3451,303
BJD,2011-05-31,3.756,14.5,C.2011.50,CB325,3453,304
BJD,2011-05-31,24.939,3.6,C.2011.50,CB325,3460,305
BJD,2011-05-28,47.061,13.5,C.2011.36,CB325,3461,306
BJD,2011-05-30,9.877,8,C.2011.46,CB325,3471,307
BJD,2011-05-28,19.362,NA,C.2011.35,CB325,3476,308
BJD,2011-05-30,15.491,NA,C.2011.47,CB325,3480,309
BJD,2011-05-31,16.879,1.8,C.2011.54,CB325,3482,310
BJD,2011-05-30,37.713,15.7,C.2011.44,CB325,3485,311
BJD,2011-05-29,65.7,6.6,C.2011.39,CB325,3488,312
BJD,2011-05-29,32.179,3.5,C.2011.39,CB325,3489,313
BJD,2011-05-31,34.768,10.9,C.2011.54,CB325,3490,314
BJD,2011-05-29,54.23,NA,C.2011.39,CB325,3495,315
BJD,2011-05-28,60.658,NA,C.2011.35,CB325,3499,316
BJD,2011-05-28,31.304,NA,C.2011.36,CB325,3500,317
BJD,2011-05-29,14.853,1.1,C.2011.37,CB325,3501,318
BJD,2011-05-30,6.182,6.3,C.2011.45,CB325,3504,319
BJD,2011-05-29,37.011,10.9,C.2011.37,CB325,3505,320
BJD,2011-05-29,39.922,2.4,C.2011.37,CB325,3506,321
BJD,2011-05-30,18.398,NA,C.2011.47,CB325,3509,322
BJD,2011-05-29,13.362,NA,C.2011.37,CB325,3510,323
BJD,2011-05-28,22.275,18.9,C.2011.36,CB325,3517,324
BJD,2011-05-28,61.509,NA,C.2011.36,CB325,3519,325
BJD,2011-05-28,51.871,1.2,C.2011.36,CB325,3520,326
BJD,2011-05-29,57.46,10.3,C.2011.39,CB325,3535,327
BJD,2011-05-30,10.118,7.7,C.2011.47,CB325,3541,328
BJD,2011-05-29,70.06,10.7,C.2011.37,CB325,3569,329
BJD,2011-05-28,14.94,0.6,C.2011.35,CB325,3655,330
BJD,2011-05-31,17.079,NA,C.2011.49,CB325,3670,331
BJD,2011-05-30,35.322,4.7,C.2011.44,CB325,3677,332
BJD,2011-05-29,10.908,NA,C.2011.37,CB325,3689,333
BJD,2011-05-28,22.17,4,C.2011.36,CB325,3691,334
BJD,2011-05-30,27.328,7.7,C.2011.43,CB325,3694,335
BJD,2011-05-31,12.621,NA,C.2011.49,CB325,3698,336
BJD,2011-06-01,16.389,3.1,C.2011.55,CB325,3701,337
BJD,2011-05-30,9.211,4.2,C.2011.48,CB325,3702,338
BJD,2011-05-31,7.031,10,C.2011.50,CB325,3715,339
BJD,2011-05-30,29.111,NA,C.2011.48,CB325,3724,340
BJD,2011-05-31,46.49,NA,C.2011.51,CB325,3727,341
BJD,2011-05-29,25.977,6.5,C.2011.38,CB325,3733,342
BJD,2011-05-31,21.052,6.3,C.2011.54,CB325,3744,343
BJD,2011-05-30,8.891,NA,C.2011.48,CB325,3756,344
BJD,2011-05-29,51.459,6.4,C.2011.37,CB325,3762,345
BJD,2011-05-29,58.793,11.5,C.2011.38,CB325,3763,346
BJD,2011-05-30,27.086,3.5,C.2011.45,CB325,3767,347
BJD,2011-05-28,72.157,0.3,C.2011.36,CB325,3768,348
BJD,2011-05-29,31.846,19.2,C.2011.37,CB325,3773,349
BJD,2011-05-29,32.549,NA,C.2011.38,CB325,3776,350
BJD,2011-05-30,38.57,0,C.2011.43,CB325,3777,351
BJD,2011-05-28,39.028,NA,C.2011.36,CB325,3780,352
BJD,2011-05-29,26.441,15,C.2011.38,CB325,3781,353
BJD,2011-05-29,28.069,17.5,C.2011.37,CB325,3783,354
BJD,2011-05-28,31.158,6.7,C.2011.36,CB325,3785,355
BJD,2011-05-28,25.071,1,C.2011.35,CB325,3786,356
BJD,2011-05-28,41.108,3.6,C.2011.36,CB325,3790,357
BJD,2011-05-29,68.1,2.6,C.2011.39,CB325,3794,358
BJD,2011-05-29,97.44,NA,C.2011.38,CB325,3797,359
BJD,2011-05-28,61.781,NA,C.2011.36,CB325,3798,360
BJD,2011-05-28,30.118,4.7,C.2011.36,CB325,3801,361
BJD,2011-05-28,41.888,13.1,C.2011.36,CB325,3802,362
BJD,2011-05-28,56.076,1.4,C.2011.36,CB325,3804,363
BJD,2011-05-29,96.848,5.1,C.2011.38,CB325,3806,364
BJD,2011-05-29,24.936,NA,C.2011.37,CB325,3807,365
BJD,2011-05-28,19.48,NA,C.2011.36,CB325,3811,366
BJD,2011-05-28,92.374,0.2,C.2011.36,CB325,3817,367
BJD,2011-05-29,24.893,13.5,C.2011.38,CB325,3819,368
BJD,2011-05-28,37.295,3.2,C.2011.35,CB325,3822,369
BJD,2011-05-30,17.624,NA,C.2011.45,CB325,3823,370
BJD,2011-05-29,45.309,11,C.2011.39,CB325,3825,371
BJD,2011-05-28,33.342,0.8,C.2011.36,CB325,3826,372
BJD,2011-05-29,43.714,10,C.2011.38,CB325,3827,373
BJD,2011-05-30,104.362,NA,C.2011.48,CB325,3832,374
BJD,2011-05-28,21.715,NA,C.2011.35,CB325,3836,375
BJD,2011-05-28,28.413,1.5,C.2011.35,CB325,3837,376
BJD,2011-05-29,24.56,NA,C.2011.39,CB325,3840,377
BJD,2011-05-28,48.074,4.9,C.2011.36,CB325,3843,378
BJD,2011-05-29,26.986,8.7,C.2011.39,CB325,3844,379
BJD,2011-05-29,31.073,4.6,C.2011.42,CB325,3850,380
BJD,2011-05-28,36.338,0.7,C.2011.35,CB325,3853,381
BJD,2011-05-31,22.42,1.6,C.2011.54,CB325,3860,382
BJD,2011-05-29,40.633,NA,C.2011.38,CB325,3861,383
BJD,2011-05-29,27.631,NA,C.2011.37,CB325,3863,384
BJD,2011-05-28,82.911,2.1,C.2011.35,CB325,3870,385
BJD,2011-05-29,52.956,1.5,C.2011.38,CB325,3872,386
BJD,2011-05-28,10.455,1.4,C.2011.35,CB325,3873,387
BJD,2011-05-28,46.368,5.6,C.2011.36,CB325,3877,388
BJD,2011-05-29,28.058,1.1,C.2011.38,CB325,3879,389
BJD,2011-05-28,28.609,0.6,C.2011.36,CB325,3890,390
BJD,2011-05-29,23.924,NA,C.2011.37,CB325,3894,391
BJD,2011-05-29,35.862,8.5,C.2011.39,CB325,3896,392
BJD,2011-05-29,77.955,NA,C.2011.38,CB325,3898,393
BJD,2011-05-29,63.107,5.3,C.2011.39,CB325,3906,394
BJD,2011-05-28,44.783,NA,C.2011.35,CB325,3911,395
BJD,2011-05-28,5.705,19.8,C.2011.35,CB325,3912,396
BJD,2011-05-30,100.658,3,C.2011.44,CB325,3923,397
BJD,2011-05-29,40.506,4.2,C.2011.39,CB325,3925,398
BJD,2011-05-31,74.534,17.3,C.2011.50,CB325,3926,399
BJD,2011-05-30,13.934,3.8,C.2011.44,CB325,161,400
BJD,2011-05-30,13.934,3.8,C.2011.44,CB325,162,401
BJD,2011-05-31,22.911,1.9,C.2011.51,CB325,161,402
BJD,2011-05-31,22.911,1.9,C.2011.51,CB325,162,403
BJD,2011-05-28,10.441,15.4,C.2011.36,CB325,3934,404
BJD,2011-05-28,91.852,18.6,C.2011.36,CB325,3937,405
BJD,2011-05-28,11.466,4.5,C.2011.35,CB325,3939,406
BJD,2011-05-28,21.628,7.3,C.2011.35,CB325,3942,407
BJD,2011-05-29,36.649,NA,C.2011.40,CB325,3946,408
BJD,2011-05-30,23.252,3.4,C.2011.44,CB325,3949,409
BJD,2011-05-30,25.715,NA,C.2011.43,CB325,3953,410
BJD,2011-05-28,37.87,3.2,C.2011.35,CB325,3954,411
BJD,2011-05-31,105.803,2.8,C.2011.54,CB325,3961,412
BJD,2011-05-29,64.514,NA,C.2011.37,CB325,3965,413
BJD,2011-05-29,26.03,6.6,C.2011.40,CB325,3968,414
BJD,2011-05-29,44.961,0.6,C.2011.37,CB325,3972,415
BJD,2011-05-31,24.823,NA,C.2011.54,CB325,3976,416
BJD,2011-05-28,19.517,NA,C.2011.36,CB325,3981,417
BJD,2011-05-29,53.764,1.8,C.2011.39,CB325,4000,418
BJD,2011-05-29,33.188,9.5,C.2011.39,CB325,4004,419
BJD,2011-05-28,68.522,14.2,C.2011.36,CB325,4011,420
BJD,2011-05-28,12.283,0.9,C.2011.36,CB325,4020,421
BJD,2011-05-29,25.282,NA,C.2011.39,CB325,4022,422
BJD,2011-05-29,46.035,11.4,C.2011.39,CB325,4023,423
BJD,2011-05-29,42.984,2.7,C.2011.39,CB325,4036,424
BJD,2011-05-28,20.803,17.5,C.2011.36,CB325,4038,425
BJD,2011-05-29,9.003,9.2,C.2011.37,CB325,4052,426
BJD,2011-05-29,6.041,1.7,C.2011.40,CB325,4053,427
BJD,2011-05-29,33.209,NA,C.2011.39,CB325,4054,428
BJD,2011-05-29,60.847,8.5,C.2011.37,CB325,4063,429
BJD,2011-06-01,12.791,14.6,C.2011.55,CB325,4068,430
BJD,2011-05-28,40.301,5.3,C.2011.36,CB325,4069,431
BJD,2011-05-29,36.235,5.4,C.2011.40,CB325,4070,432
BJD,2011-05-29,12.941,NA,C.2011.37,CB325,4076,433
BJD,2011-05-31,18.324,3,C.2011.54,CB325,4078,434
BJD,2011-05-29,25.781,16.3,C.2011.37,CB325,4081,435
BJD,2011-05-28,31.82,3.3,C.2011.35,CB325,4086,436
BJD,2009-04-01,20.45,NA,C.LTGrid.2008.mixed,CB91,6859,437
BJD,2011-06-01,14.714,1.2,C.2011.57,CB325,7266,438
FVK,2015-11-24,19.928,1.559,11.24.15.P2,CD10010,86,439
FVK,2015-11-24,19.928,1.559,11.24.15.P2,CD10010,3232,440
FVK,2015-11-17,20.602,11.181,11.17.15.P2,CD10010,7442,441
FVK,2015-11-20,12.235,25.102,11.20.15.P5,CD10010,1582,442
FVK,2015-11-20,12.426,10.621,11.20.15.P1,CD10010,1724,443
FVK,2015-11-20,7.748,18.87,11.20.15.P2,CD10010,1768,444
FVK,2015-11-20,9.696,6.426,11.20.15.P2,CD10010,1877,445
FVK,2015-11-20,3.396,21.252,11.20.15.P2,CD10010,1884,446
FVK,2015-11-19,10.657,26.272,11.19.15.P3,CD10010,1979,447
FVK,2015-11-14,14.943,3.751,11.14.15.P2,CD10010,2086,448
FVK,2015-11-13,11.437,2.149,11.13.15.P2,CD10010,2102,449
FVK,2015-11-10,36.173,42.32,11.10.15.P3,CD10010,2214,450
FVK,2015-11-24,13.044,10.033,11.24.15.P2,CD10010,2219,451
FVK,2015-11-10,6.357,19.589,11.10.15.P2,CD10010,2251,452
FVK,2015-11-10,71.447,51.128,11.10.15.P3,CD10010,2307,453
FVK,2015-11-14,90.571,2.212,11.14.15.P2,CD10010,2362,454
FVK,2015-11-13,37.169,5.286,11.13.15.P4,CD10010,2729,455
FVK,2015-11-15,51.655,8.055,11.15.15.P2,CD10010,2758,456
FVK,2015-12-14,35.577,12.245,12.14.15.P4,CD10010,2792,457
FVK,2015-12-14,26.75,12.26,12.14.15.P4,CD10010,2806,458
FVK,2015-11-15,60.951,6.672,11.15.15.P2,CD10010,2939,459
FVK,2015-11-14,36.945,13.05,11.14.15.P3,CD10010,3088,460
FVK,2015-11-14,39.032,3.562,11.14.15.P3,CD10010,3098,461
FVK,2015-11-15,28.163,1.04,11.15.15.P1,CD10010,3139,462
FVK,2015-11-14,37.218,8.09,11.14.15.P3,CD10010,3144,463
FVK,2015-12-19,36.284,24.547,12.19.15.P2,CD10010,3222,464
FVK,2015-11-14,9.006,3.618,11.14.15.P4,CD10010,3237,465
FVK,2015-11-26,13.799,5.397,11.26.15.P2,CD10010,3249,466
FVK,2015-11-26,23.801,2.745,11.26.15.P2,CD10010,3292,467
FVK,2015-11-22,41.868,3.218,11.22.15.P3,CD10010,3364,468
FVK,2015-11-24,22.084,0.679,11.24.15.P1,CD10010,3395,469
FVK,2015-12-14,24.48,18.483,12.14.15.P4,CD10010,3413,470
FVK,2015-12-15,39.048,19.904,12.15.15.P1,CD10010,3416,471
FVK,2015-12-14,15.314,5.403,12.14.15.P3,CD10010,3424,472
FVK,2015-12-14,23.137,5.938,12.14.15.P2,CD10010,3426,473
FVK,2015-12-14,13.393,23.017,12.14.15.P3,CD10010,3428,474
FVK,2015-12-14,25.791,5.076,12.14.15.P3,CD10010,3430,475
FVK,2015-12-17,54.095,1.834,12.17.15.P5,CD10010,3432,476
FVK,2015-12-17,13.164,14.908,12.17.15.P4,CD10010,3439,477
FVK,2015-12-14,46.524,18.665,12.14.15.P3,CD10010,3459,478
FVK,2015-12-15,4.514,10.476,12.15.15.P1,CD10010,3486,479
FVK,2015-12-14,27.481,12.834,12.14.15.P3,CD10010,3487,480
FVK,2015-12-14,14.523,3.485,12.14.15.P3,CD10010,3492,481
FVK,2015-12-14,16.639,5.409,12.14.15.P4,CD10010,3493,482
FVK,2015-12-14,13.041,6.937,12.14.15.P3,CD10010,3503,483
FVK,2015-12-14,18.358,15.116,12.14.15.P4,CD10010,3512,484
FVK,2015-12-15,6.158,12.815,12.15.15.P1,CD10010,3514,485
FVK,2015-12-15,38.921,6.734,12.15.15.P1,CD10010,3521,486
FVK,2015-12-14,69.399,11.258,12.14.15.P4,CD10010,3523,487
FVK,2015-11-24,25.366,9.04,11.24.15.P1,CD10010,3538,488
FVK,2015-11-26,15.77,8.22,11.26.15.P2,CD10010,3540,489
FVK,2015-12-14,22.027,1.818,12.14.15.P2,CD10010,3676,490
FVK,2015-12-14,32.948,19.809,12.14.15.P4,CD10010,3707,491
FVK,2015-12-15,15.112,0.744,12.15.15.P1,CD10010,3716,492
FVK,2015-11-26,4.827,3.135,11.26.15.P3,CD10010,3729,493
FVK,2015-12-14,17.603,1.35,12.14.15.P3,CD10010,3755,494
FVK,2015-12-15,45.123,4.818,12.15.15.P1,CD10010,3769,495
FVK,2015-12-14,16.479,1.853,12.14.15.P2,CD10010,3772,496
FVK,2015-12-14,8.103,NA,12.14.15.P2,CD10010,3793,497
FVK,2015-12-14,26.309,16.695,12.14.15.P3,CD10010,3795,498
FVK,2015-12-15,43.405,17.551,12.15.15.P1,CD10010,3800,499
FVK,2015-12-15,30.415,3.253,12.15.15.P1,CD10010,3805,500
FVK,2015-11-26,23.674,1.062,11.26.15.P4,CD10010,3809,501
FVK,2015-11-26,15.231,11.064,11.26.15.P3,CD10010,3812,502
FVK,2015-12-15,45.668,12.743,12.15.15.P1,CD10010,3818,503
FVK,2015-12-14,37.256,1.507,12.14.15.P4,CD10010,3821,504
FVK,2015-12-19,16.852,3.176,12.19.15.P2,CD10010,3828,505
FVK,2015-12-14,95.069,23.608,12.14.15.P3,CD10010,3833,506
FVK,2015-12-14,26.584,11.185,12.14.15.P2,CD10010,3834,507
FVK,2015-12-15,18.417,2.36,12.15.15.P1,CD10010,3835,508
FVK,2015-12-14,42.668,10.239,12.14.15.P3,CD10010,3838,509
FVK,2015-12-14,23.585,7.681,12.14.15.P3,CD10010,3841,510
FVK,2015-12-14,20.563,8.497,12.14.15.P3,CD10010,3842,511
FVK,2015-11-26,12.57,4.43,11.26.15.P3,CD10010,3846,512
FVK,2015-12-15,6.339,9.55,12.15.15.P1,CD10010,3854,513
FVK,2015-12-15,30.021,7.102,12.15.15.P1,CD10010,3864,514
FVK,2015-12-17,27.331,4.958,12.17.15.P5,CD10010,3866,515
FVK,2015-12-14,57.875,0.665,12.14.15.P3,CD10010,3869,516
FVK,2015-12-19,27.679,6.545,12.19.15.P2,CD10010,3878,517
FVK,2015-12-15,9.883,5.734,12.15.15.P1,CD10010,3880,518
FVK,2015-12-17,14.146,7.253,12.17.15.P4,CD10010,3881,519
FVK,2015-12-14,134.346,34.764,12.14.15.P3,CD10010,3882,520
FVK,2015-12-14,59.21,10.634,12.14.15.P4,CD10010,3889,521
FVK,2015-12-14,33.899,7.052,12.14.15.P4,CD10010,3892,522
FVK,2015-12-15,132.493,11.113,12.15.15.P1,CD10010,3895,523
FVK,2015-12-14,21.727,18.757,12.14.15.P2,CD10010,3900,524
FVK,2015-12-14,41.88,9.93,12.14.15.P4,CD10010,3905,525
FVK,2015-12-14,43.648,14.454,12.14.15.P3,CD10010,3907,526
FVK,2015-12-14,32.658,3.86,12.14.15.P3,CD10010,3927,527
FVK,2015-12-15,3.007,45.947,12.15.15.P1,CD10010,3928,528
FVK,2015-12-14,23.406,4.841,12.14.15.P2,CD10010,3935,529
FVK,2015-12-15,40.701,16.393,12.15.15.P1,CD10010,3943,530
FVK,2015-12-19,36.852,1.751,12.19.15.P3,CD10010,3951,531
FVK,2015-12-14,27.045,19.035,12.14.15.P4,CD10010,3959,532
FVK,2015-12-14,9.302,2.373,12.14.15.P4,CD10010,3962,533
FVK,2015-12-14,20.633,6.812,12.14.15.P4,CD10010,3963,534
FVK,2015-12-14,17.486,9.355,12.14.15.P4,CD10010,3971,535
FVK,2015-12-14,105.9,15.796,12.14.15.P3,CD10010,3974,536
FVK,2015-12-14,14.738,0.434,12.14.15.P4,CD10010,3975,537
FVK,2015-12-19,5.425,6.47,12.19.15.P1,CD10010,3977,538
FVK,2015-12-17,9.185,3.572,12.17.15.P4,CD10010,3979,539
FVK,2015-12-14,22.584,8.159,12.14.15.P4,CD10010,3984,540
FVK,2015-12-19,6.981,25.476,12.19.15.P3,CD10010,3985,541
FVK,2015-12-15,31.43,8.876,12.15.15.P1,CD10010,3986,542
FVK,2015-11-26,42.648,1.493,11.26.15.P4,CD10010,3988,543
FVK,2015-12-14,26.239,7.108,12.14.15.P2,CD10010,3990,544
FVK,2015-12-14,53.322,8.241,12.14.15.P4,CD10010,3991,545
FVK,2015-12-19,24.105,11.882,12.19.15.P1,CD10010,3999,546
FVK,2015-12-15,52.706,10.173,12.15.15.P1,CD10010,4003,547
FVK,2015-12-19,4.769,11.633,12.19.15.P2,CD10010,4014,548
FVK,2015-12-19,48.06,2.917,12.19.15.P2,CD10010,4019,549
FVK,2015-12-17,48.721,0,12.17.15.P5,CD10010,4024,550
FVK,2015-12-14,14.613,3.196,12.14.15.P3,CD10010,4031,551
FVK,2015-11-26,19.235,3.033,11.26.15.P3,CD10010,4032,552
FVK,2015-12-17,13.625,4.354,12.17.15.P5,CD10010,4035,553
FVK,2015-12-14,34.965,14.561,12.14.15.P4,CD10010,4037,554
FVK,2015-12-14,29.795,14.61,12.14.15.P3,CD10010,4040,555
FVK,2015-12-19,37.927,15.801,12.19.15.P3,CD10010,4043,556
FVK,2015-12-19,55.277,7.791,12.19.15.P1,CD10010,4048,557
FVK,2015-12-19,39.918,7.558,12.19.15.P1,CD10010,4051,558
FVK,2015-12-17,36.182,7.025,12.17.15.P5,CD10010,4058,559
FVK,2015-12-19,17.039,24.485,12.19.15.P1,CD10010,4062,560
FVK,2015-12-19,39.383,12.091,12.19.15.P2,CD10010,4077,561
FVK,2015-12-17,16.676,8.63,12.17.15.P4,CD10010,4084,562
FVK,2015-12-17,46.158,4.532,12.17.15.P5,CD10010,4098,563
FVK,2015-12-17,42.332,7.478,12.17.15.P5,CD10010,4102,564
FVK,2015-12-19,24.721,24.823,12.19.15.P2,CD10010,4107,565
FVK,2015-12-19,16.9,7.483,12.19.15.P2,CD10010,4108,566
FVK,2015-12-17,18.822,1.646,12.17.15.P5,CD10010,4111,567
FVK,2015-12-19,29.924,21.039,12.19.15.P3,CD10010,4112,568
FVK,2015-12-19,50.258,7.344,12.19.15.P1,CD10010,4117,569
FVK,2015-12-17,30.578,2.211,12.17.15.P5,CD10010,4118,570
FVK,2015-12-19,25.059,17.007,12.19.15.P2,CD10010,4120,571
FVK,2015-12-19,29.701,5.428,12.19.15.P2,CD10010,4123,572
FVK,2015-12-19,30.546,5.468,12.19.15.P2,CD10010,4124,573
FVK,2015-12-19,44.704,9.322,12.19.15.P2,CD10010,4127,574
FVK,2015-12-19,40.626,6.811,12.19.15.P2,CD10010,4128,575
FVK,2015-12-19,32.495,4.806,12.19.15.P2,CD10010,4132,576
FVK,2015-12-19,45.526,81.699,12.19.15.P1,CD10010,4133,577
FVK,2015-12-17,28.763,1.406,12.17.15.P5,CD10010,4134,578
FVK,2015-12-19,28.239,31.429,12.19.15.P3,CD10010,4138,579
FVK,2015-12-19,82.813,28.431,12.19.15.P1,CD10010,4139,580
FVK,2015-12-19,29.768,19.363,12.19.15.P2,CD10010,4141,581
FVK,2015-12-19,19.233,20.678,12.19.15.P3,CD10010,4154,582
FVK,2015-12-19,68.318,7.915,12.19.15.P1,CD10010,4162,583
FVK,2015-12-17,4.744,9.959,12.17.15.P5,CD10010,4163,584
FVK,2015-11-03,52.835,2.774,11.3.15.P2,CD10010,4258,585
FVK,2015-10-20,21.391,13.2,10.20.15.P3,CD10010,4700,586
FVK,2015-10-20,49.443,8.177,10.21.15.P1,CD10010,4743,587
FVK,2016-03-24,6.103,6.078,3.24.16.P1,CD10010,4896,588
FVK,2017-02-01,24.301,9.546,2.1.17.P1,CD10010,5360,589
FVK,2016-03-24,6.341,11.494,3.24.16.P1,CD10010,5437,590
FVK,2017-01-13,20.822,5.704,1.13.17P1,CD10010,5686,591
FVK,2017-01-13,24.758,9.365,1.13.17P1,CD10010,5810,592
FVK,2016-11-30,19.842,3.713,11.30.16.P1,CD10010,6247,593
FVK,2016-11-30,17.098,0.098,11.30.16.P1,CD10010,6252,594
FVK,2016-11-30,18.632,6.625,11.30.16.P1,CD10010,6268,595
FVK,2016-11-30,16.402,8.163,11.30.16.P1,CD10010,6270,596
FVK,2016-11-30,25.356,4.587,11.30.16.P1,CD10010,6282,597
FVK,2016-11-30,2.741,1.737,11.30.16.P2,CD10010,6304,598
FVK,2016-11-30,20.542,7.503,11.30.16.P1,CD10010,6308,599
FVK,2016-11-30,62.905,7.854,11.30.16.P2,CD10010,6314,600
FVK,2016-11-30,3.801,19.719,11.30.16.P2,CD10010,6318,601
FVK,2016-11-30,12.386,9.954,11.30.16.P1,CD10010,6335,602
FVK,2016-11-30,9.063,8.181,11.30.16.P1,CD10010,6369,603
FVK,2016-12-08,60.79,2.888,12.7.16.P1,CD10010,204,604
FVK,2015-11-24,3.509,4.675,11.24.15.P1,CD10010,75,605
ZA,2017-03-22,9.716,5.086,3.22.17.P1,CD10010,5326,606
ZA,2017-03-15,10.47,2.385,3.15.17,CD10010,31,607
ZA,2017-02-22,13.228,21.572,2.22.17.P1,CD10010,32,608
ZA,2017-02-08,2.252,NA,2.8.17.P2,CD10010,34,609
ZA,2017-02-15,37.378,9.455,2.15.17.P2,CD10010,5937,610
ZA,2017-02-22,34.015,8.848,2.22.17.P1,CD10010,35,611
ZA,2017-02-08,38.986,33.669,2.8.17.P2,CD10010,38,612
ZA,2017-03-22,7.603,5.842,3.22.17.P1,CD10010,6144,613
ZA,2017-02-22,25.741,17.106,2.22.17.P1,CD10010,46,614
ZA,2017-03-22,14.409,1.916,3.22.17.P1,CD10010,53,615
ZA,2017-02-22,12.472,8.586,2.22.17.P1,CD10010,55,616
BJD,2011-05-24,22.95,NA,NA,CB325,1805,617
BJD,2011-05-27,35.826,NA,NA,CB325,1899,618
BJD,2011-05-31,28.595,13.1,NA,CB325,2556,619
BJD,2011-05-24,91.402,21.4,NA,CB325,2506,620
BJD,2011-05-28,2.527,28.2,NA,CB325,2511,621
BJD,2011-05-30,11.991,NA,NA,CB325,2547,622
BJD,2011-05-23,32.528,29.1,NA,CB325,2578,623
BJD,2011-05-27,7.623,37.7,NA,CB325,2640,624
BJD,2011-05-26,14.43,23.87,NA,CB325,2663,625
BJD,2011-05-27,7.438,22.9,NA,CB325,2676,626
BJD,2011-05-23,54.406,25.8,NA,CB325,2903,627
BJD,2011-05-27,39.374,3.1,NA,CB325,2945,628
BJD,2011-05-27,11.347,11.1,NA,CB325,2968,629
BJD,2011-05-23,30.266,22.3,NA,CB325,3104,630
BJD,2011-05-23,25.252,34.6,NA,CB325,3112,631
BJD,2011-05-24,36.109,27.4,NA,CB325,3342,632
BJD,2011-05-29,15.729,26,NA,CB325,3860,633
BJD,2011-05-29,118.861,27.9,NA,CB325,3961,634
BJD,2011-05-29,24.635,21.4,NA,CB325,3976,635
BJD,2011-05-31,15.756,46.2,NA,CB325,4052,636
FVK,2015-11-26,6.969,4.637,11.26.15.P1,CD10010,1582,637
FVK,2015-11-22,14.798,8.885,11.22.15.P1,CD10010,1768,638
FVK,2015-11-22,4.849,13.984,11.22.15.P1,CD10010,1884,639
FVK,2015-11-20,13.305,19.266,11.20.15.P1,CD10010,1979,640
FVK,2015-11-12,18.859,1.292,11.12.15.P2,CD10010,2214,641
FVK,2015-11-12,20.979,7.336,11.12.15.P1,CD10010,2251,642
FVK,2015-11-12,72.624,7.015,11.12.15.P2,CD10010,2307,643
FVK,2015-12-20,43.664,11.6,12.20.15.P1,CD10010,3222,644
FVK,2015-12-17,36.242,17.965,12.17.15.P1,CD10010,3413,645
FVK,2015-12-17,66.321,12.796,12.17.15.P1,CD10010,3416,646
FVK,2015-12-17,30.524,9.621,12.17.15.P1,CD10010,3428,647
FVK,2015-12-17,48.716,1.166,12.17.15.P3,CD10010,3459,648
FVK,2015-12-20,9.228,1.27,12.20.15.P2,CD10010,3486,649
FVK,2015-12-17,33.717,8.723,12.17.15.P1,CD10010,3512,650
FVK,2015-12-17,79.229,4.343,12.17.15.P1,CD10010,3707,651
FVK,2015-12-17,50.857,14.6,12.17.15.P3,CD10010,3793,652
FVK,2015-12-17,53.384,1.397,12.17.15.P1,CD10010,3795,653
FVK,2015-12-17,56.649,28.31,12.17.15.P1,CD10010,3800,654
FVK,2015-12-14,21.264,0.442,12.14.15.P1,CD10010,3812,655
FVK,2015-12-20,61.388,3.017,12.20.15.P2,CD10010,3818,656
FVK,2015-12-17,13.53,0.505,12.17.15.P1,CD10010,3833,657
FVK,2018-12-14,17.009,23.389,12.14.15.P1,CD10010,3846,658
FVK,2015-12-17,69.156,0.418,12.17.15.P3,CD10010,3882,659
FVK,2015-12-17,20.437,10.528,12.17.15.P3,CD10010,3900,660
FVK,2015-12-17,31.836,0.176,12.17.15.P1,CD10010,3928,661
FVK,2015-12-17,82.366,14.089,12.17.15.P1,CD10010,3943,662
FVK,2015-12-17,55.826,10.491,12.17.15.P1,CD10010,3959,663
FVK,2015-12-17,105.921,30.505,12.17.15.P3,CD10010,3974,664
FVK,2015-12-20,9.397,47.656,12.20.15.P1,CD10010,3985,665
FVK,2015-12-14,35.715,5.821,12.14.15.P1,CD10010,4032,666
FVK,2015-12-20,65.458,1.515,12.20.15.P1,CD10010,4043,667
FVK,2015-12-20,18.217,16.921,NA,CD10010,4062,668
FVK,2015-12-20,27.131,13.798,12.20.15.P1,CD10010,4107,669
FVK,2015-12-20,50.301,19.656,12.20.15.P1,CD10010,4112,670
FVK,2015-12-20,30.322,7.245,12.20.15.P1,CD10010,4120,671
FVK,2015-12-20,48.974,0.538,12.20.15.P1,CD10010,4133,672
FVK,2015-12-20,39.8,5.395,12.20.15.P1,CD10010,4138,673
FVK,2015-12-20,55.379,7.889,12.20.15.P1,CD10010,4139,674
FVK,2015-12-20,34.247,25.873,12.20.15.P1,CD10010,4141,675
FVK,2015-12-20,27.472,18.35,12.20.15.P1,CD10010,4154,676
ZA,2017-03-15,8.202,8.843,3.15.17,CDNANA,6144,677
BJD,2011-05-15,9.935,4,T.2011.13,TB910,1367,678
BJD,2011-05-13,14.914,9.6,T.2011.5,TB910,1805,679
BJD,2011-05-16,28.932,4.6,T.2011.15,TB910,1899,680
BJD,2011-05-21,20.874,10.1,T.2011.32,TB910,2556,681
BJD,2011-05-29,9.9425,1.9,T.2011.41,TB910,3355,682
BJD,2011-05-21,14.44,2.7,T.2011.31,TB910,3941,683
BJD,2011-05-12,9.815,13.4,T.2011.3,TB910,2,684
BJD,NA,24.97,NA,T.LTGrid.2008.16,TB910,1374,685
BJD,NA,3.168,NA,T.2007.4,TB910,1424,686
BJD,2009-04-15,10.073,NA,T.2007.4,TB910,1425,687
BJD,2009-04-15,2.036,NA,T.2007.4,TB910,1428,688
BJD,2009-04-17,16.201,NA,T.2007.4,TB910,1432,689
BJD,2009-04-15,5.559,NA,T.2007.4,TB910,1434,690
BJD,2009-04-15,3.427,NA,T.2007.4,TB910,1442,691
BJD,2009-04-15,3.506,NA,T.2007.4,TB910,1443,692
BJD,2009-04-15,5.385,NA,T.2007.4,TB910,1446,693
BJD,2009-04-15,2.784,NA,T.2007.4,TB910,1447,694
BJD,2009-04-15,8.815,NA,T.2007.4,TB910,1448,695
BJD,2009-04-15,11.455,NA,T.LTGrid.2008.17,TB910,1449,696
BJD,2009-04-15,4.916,NA,T.HighCVs.Field2,TB910,1450,697
BJD,2009-04-15,9.852,NA,T.HighCVs.Field2,TB910,1451,698
BJD,2009-04-15,2.763,NA,T.LTGrid.2008.17,TB910,1452,699
BJD,2009-04-15,10.358,NA,T.HighCVs.Field2,TB910,1453,700
BJD,2009-04-15,5.873,NA,T.HighCVs.Field2,TB910,1454,701
BJD,2009-04-17,4.679,NA,T.LTGrid.2008.16,TB910,1455,702
BJD,2009-04-17,7.168,NA,T.LTGrid.2008.16,TB910,1456,703
BJD,2009-04-17,4.404,NA,T.LTGrid.2008.16,TB910,1457,704
BJD,2009-04-17,3.363,NA,T.LTGrid.2008.16,TB910,1458,705
BJD,2009-04-17,3.168,NA,T.LTGrid.2008.16,TB910,1459,706
BJD,2009-04-17,4.225,NA,T.LTGrid.2008.16,TB910,1460,707
BJD,2009-04-17,1.903,NA,T.LTGrid.2008.17,TB910,1461,708
BJD,NA,7.961,NA,T.HighCVs.Field2,TB910,1511,709
BJD,NA,15.817,NA,T.LTGrid.2008.14,TB910,1512,710
BJD,NA,4.795,NA,T.LTGrid.2008.14,TB910,1513,711
BJD,NA,10.07,NA,T.LTGrid.2008.14,TB910,1514,712
BJD,NA,11.756,NA,T.LTGrid.2008.14,TB910,1515,713
BJD,2011-05-18,9.997,0,T.2011.24,TB910,1516,714
BJD,2011-05-18,47.484,NA,T.2007.3,TB910,1517,715
BJD,NA,4.315,NA,T.2007.3,TB910,1518,716
BJD,NA,8.75,NA,T.2007.3,TB910,1519,717
BJD,NA,14.473,NA,T.2007.3,TB910,1520,718
BJD,NA,3.774,NA,T.2007.3,TB910,1521,719
BJD,NA,14.18,NA,T.2007.3,TB910,1522,720
BJD,NA,6.684,NA,T.HighCVs.Field2,TB910,1523,721
BJD,NA,3.423,NA,T.LTGrid.2008.17,TB910,1524,722
BJD,NA,6.211,NA,T.2007.3,TB910,1525,723
BJD,NA,7.235,NA,T.2007.3,TB910,1526,724
BJD,NA,25.627,NA,T.2007.3,TB910,1527,725
BJD,NA,6.004,NA,T.2007.3,TB910,1528,726
BJD,NA,4.26,NA,T.LTGrid.2008.17,TB910,1529,727
BJD,NA,5.498,NA,T.2007.3,TB910,1530,728
BJD,NA,5.057,NA,T.2007.3,TB910,1531,729
BJD,NA,14.329,NA,T.2007.3,TB910,1532,730
BJD,NA,10.937,NA,T.2007.3,TB910,1533,731
BJD,NA,3.301,NA,T.2007.3,TB910,1534,732
BJD,NA,12.677,NA,T.2007.3,TB910,1535,733
BJD,NA,12.613,NA,T.2007.3,TB910,1536,734
BJD,NA,4.495,NA,T.2007.3,TB910,1537,735
BJD,NA,6.3,NA,T.2007.3,TB910,1538,736
BJD,NA,3.947,NA,T.2007.3,TB910,1539,737
BJD,2011-05-13,3.538,2.1,T.2011.7,TB910,1853,738
BJD,2011-05-15,28.079,8.2,T.2011.12,TB910,1905,739
BJD,2011-05-19,9.166,28.2,T.2011.25,TB910,1918,740
BJD,2011-05-17,6.62,7.6,T.2011.17,TB910,2040,741
BJD,2011-05-20,12.9,2.7,T.2011.28,TB910,2064,742
BJD,2011-05-20,13.342,6.7,T.2011.28,TB910,2124,743
BJD,2011-05-15,15.499,6,T.2011.12,TB910,2128,744
BJD,2011-05-17,9.837,5.1,T.2011.17,TB910,2132,745
BJD,2011-05-17,2.963,6.7,T.2011.17,TB910,2133,746
BJD,2011-05-20,15.938,15.6,T.2011.30,TB910,2134,747
BJD,2011-05-14,13.132,4.6,T.2011.10,TB910,2138,748
BJD,2011-05-17,8.798,20.3,T.2011.19,TB910,2143,749
BJD,2011-05-15,7.063,16.1,T.2011.12,TB910,2148,750
BJD,2011-05-14,8.322,2.9,T.2011.10,TB910,2172,751
BJD,2011-05-14,14.714,15.9,T.2011.10,TB910,2175,752
BJD,2011-05-14,5.073,NA,T.2011.10,TB910,2235,753
BJD,2011-05-18,5.528,2.2,T.2011.20,TB910,2236,754
BJD,2011-05-19,13.96,3,T.2011.25,TB910,2263,755
BJD,2011-05-20,11.748,0.4,T.2011.30,TB910,2269,756
BJD,2011-05-17,10.238,5.4,T.2011.18,TB910,2271,757
BJD,2011-05-18,10.778,19.6,T.2011.24,TB910,2274,758
BJD,2011-05-15,7.065,6.6,T.2011.13,TB910,2277,759
BJD,2011-05-21,18.461,2.9,T.2011.32,TB910,2284,760
BJD,2011-05-18,11.486,2.3,T.2011.21,TB910,2298,761
BJD,2011-05-18,8.182,10.1,T.2011.21,TB910,2303,762
BJD,2011-05-20,13.961,2.5,T.2011.30,TB910,2309,763
BJD,2011-05-16,23.315,1.7,T.2011.15,TB910,2315,764
BJD,2011-05-17,6.994,5.8,T.2011.18,TB910,2318,765
BJD,2011-05-14,14.621,10.8,T.2011.15,TB910,2322,766
BJD,2011-05-17,9.536,0.3,T.2011.18,TB910,2331,767
BJD,2011-05-15,10.369,17.2,T.2011.11,TB910,2332,768
BJD,2011-05-15,17.396,1.2,T.2011.14,TB910,2333,769
BJD,2011-05-18,16.97,15.7,T.2011.20,TB910,2335,770
BJD,2011-05-15,10.418,19.9,T.2011.13,TB910,2338,771
BJD,2011-05-17,53.439,20.2,T.2011.18,TB910,2342,772
BJD,2011-05-18,10.711,12.8,T.2011.24,TB910,2343,773
BJD,2011-05-20,7.913,9.8,T.2011.26,TB910,2357,774
BJD,2011-05-15,9.472,12.4,T.2011.13,TB910,2359,775
BJD,2011-05-17,7.107,15.7,T.2011.17,TB910,2375,776
BJD,2011-05-19,9.076,5.3,T.2011.23,TB910,2382,777
BJD,2011-05-15,12.173,1,T.2011.14,TB910,2384,778
BJD,2011-05-15,9.158,7.5,T.2011.11,TB910,2385,779
BJD,2011-05-20,6.746,8.1,T.2011.30,TB910,2387,780
BJD,2011-05-18,5.593,18,T.2011.21,TB910,2395,781
BJD,2011-05-18,12.896,0,T.2011.20,TB910,2400,782
BJD,2011-05-20,10.556,9.6,T.2011.30,TB910,2409,783
BJD,2011-05-19,31.347,11.5,T.2011.23,TB910,2427,784
BJD,2011-05-19,12.705,7.8,T.2011.22,TB910,2431,785
BJD,2011-05-19,35.09,14.6,T.2011.25,TB910,2435,786
BJD,2011-05-15,17.998,10.3,T.2011.12,TB910,2461,787
BJD,2011-05-19,12.47,0.5,T.2011.22,TB910,2464,788
BJD,2011-05-16,16.489,1.4,T.2011.15,TB910,2465,789
BJD,2011-05-19,12.421,5.1,T.2011.22,TB910,2467,790
BJD,2011-05-16,17.206,4.6,T.2011.16,TB910,2468,791
BJD,2011-05-14,16.432,21.4,T.2011.10,TB910,2469,792
BJD,2011-05-14,14.927,5.7,T.2011.9,TB910,2471,793
BJD,2011-05-19,12.028,8.5,T.2011.25,TB910,2477,794
BJD,2011-05-15,7.273,12.6,T.2011.11,TB910,2478,795
BJD,2011-05-14,7.817,8.3,T.2011.9,TB910,2484,796
BJD,2011-05-15,6.154,3,T.2011.11,TB910,2487,797
BJD,2011-05-20,13.087,11.1,T.2011.26,TB910,2491,798
BJD,2011-05-21,19.801,1.5,T.2011.32,TB910,2499,799
BJD,2011-05-20,15.003,4.8,T.2011.27,TB910,2503,800
BJD,2011-05-19,12.876,8.2,T.2011.23,TB910,2504,801
BJD,2011-05-19,6.206,4.3,T.2011.22,TB910,2505,802
BJD,2011-05-15,22.527,4.5,T.2011.14,TB910,2506,803
BJD,2011-05-18,27.127,0,T.2011.20,TB910,2509,804
BJD,2011-05-21,14.528,0.3,T.2011.32,TB910,2511,805
BJD,2011-05-18,8.245,8.7,T.2011.21,TB910,2516,806
BJD,2011-05-26,17.548,4.8,T.2011.39,TB910,2517,807
BJD,2011-05-16,11.07,1.3,T.2011.15,TB910,2519,808
BJD,2011-05-19,10.859,6.8,T.2011.22,TB910,2523,809
BJD,2011-05-15,7.217,18.7,T.2011.12,TB910,2531,810
BJD,2011-05-18,4.088,11.5,T.2011.21,TB910,2533,811
BJD,2011-05-19,10.963,10.9,T.2011.25,TB910,2545,812
BJD,2011-05-26,11.788,0,T.2011.39,TB910,2547,813
BJD,2011-05-26,17.101,12.8,T.2011.39,TB910,2551,814
BJD,2011-05-19,15.348,14.1,T.2011.22,TB910,2555,815
BJD,2011-05-19,4.889,9.7,T.2011.22,TB910,2559,816
BJD,2011-05-18,7.053,16.1,T.2011.21,TB910,2562,817
BJD,2011-05-18,19.491,14.5,T.2011.21,TB910,2565,818
BJD,2011-05-20,9.937,15.9,T.2011.28,TB910,2568,819
BJD,2011-05-24,17.865,12.9,T.2011.34,TB910,2569,820
BJD,2011-05-18,6.779,20.2,T.2011.21,TB910,2573,821
BJD,2011-05-19,38.205,0,T.2011.22,TB910,2575,822
BJD,2011-05-20,9.94,17.1,T.2011.27,TB910,2576,823
BJD,2011-05-16,37.618,3.2,T.2011.15,TB910,2578,824
BJD,2011-05-18,3.109,0,T.2011.20,TB910,2584,825
BJD,2011-05-15,19.108,0.8,T.2011.13,TB910,2585,826
BJD,2011-06-01,10.509,1.9,T.2011.48,TB910,2597,827
BJD,2011-05-21,21.495,3.6,T.2011.32,TB910,2598,828
BJD,2011-05-20,28.615,3.8,T.2011.27,TB910,2602,829
BJD,2011-05-18,9.764,2.5,T.2011.20,TB910,2605,830
BJD,2011-05-15,7.52,4.1,T.2011.11,TB910,2610,831
BJD,2011-06-01,12.629,5.3,T.2011.46,TB910,2612,832
BJD,2011-05-20,26.741,3.6,T.2011.30,TB910,2617,833
BJD,2011-05-19,14.143,2.8,T.2011.23,TB910,2620,834
BJD,2011-05-21,16.009,4.8,T.2011.32,TB910,2624,835
BJD,2011-05-20,24.816,9,T.2011.26,TB910,2632,836
BJD,2011-05-19,8.685,2.8,T.2011.23,TB910,2633,837
BJD,2011-05-20,18.783,3.8,T.2011.30,TB910,2634,838
BJD,2011-05-21,25.413,4.3,T.2011.32,TB910,2638,839
BJD,2011-05-19,7.979,3.6,T.2011.22,TB910,2640,840
BJD,2011-05-18,13.008,10.3,T.2011.21,TB910,2642,841
BJD,2011-05-19,14.877,5.9,T.2011.23,TB910,2644,842
BJD,2011-05-20,11.984,11.5,T.2011.30,TB910,2648,843
BJD,2011-05-18,36.314,0,T.2011.21,TB910,2650,844
BJD,2011-05-20,3.597,8.1,T.2011.27,TB910,2653,845
BJD,2011-05-19,14.037,17.3,T.2011.23,TB910,2655,846
BJD,2011-05-19,15.672,1.2,T.2011.22,TB910,2657,847
BJD,2011-06-01,65.348,14.6,T.2011.48,TB910,2659,848
BJD,2011-05-20,19.209,7.5,T.2011.30,TB910,2662,849
BJD,2011-05-16,12.713,4.5,T.2011.16,TB910,2663,850
BJD,2011-05-19,12.53,10.3,T.2011.22,TB910,2664,851
BJD,2011-05-18,6.476,3.5,T.2011.21,TB910,2666,852
BJD,2011-05-21,5.228,1.6,T.2011.33,TB910,2669,853
BJD,2011-05-19,12.23,11.7,T.2011.22,TB910,2673,854
BJD,2011-05-19,8.314,0.9,T.2011.22,TB910,2676,855
BJD,2011-05-18,15.918,5.1,T.2011.21,TB910,2677,856
BJD,2011-05-25,9.711,33.5,T.2011.37,TB910,2694,857
BJD,2011-05-19,9.582,14.3,T.2011.22,TB910,2700,858
BJD,2011-05-21,30.014,13.6,T.2011.32,TB910,2708,859
BJD,2011-05-21,18.296,2.4,T.2011.33,TB910,2716,860
BJD,2011-05-21,20.726,2.3,T.2011.32,TB910,2734,861
BJD,2011-05-15,30.688,17,T.2011.12,TB910,2741,862
BJD,2011-05-20,13.115,3.1,T.2011.30,TB910,2752,863
BJD,2011-05-18,5.974,11.2,T.2011.21,TB910,2754,864
BJD,2011-05-14,7.82,1.3,T.2011.10,TB910,2755,865
BJD,2011-05-20,23.736,10.5,T.2011.27,TB910,2761,866
BJD,2011-05-18,3.083,12.6,T.2011.21,TB910,2763,867
BJD,2011-05-20,17.595,3.1,T.2011.27,TB910,2771,868
BJD,2011-06-01,18.356,6.5,T.2011.48,TB910,2772,869
BJD,2011-05-19,29.165,12.4,T.2011.22,TB910,2773,870
BJD,2011-05-19,10.347,2.7,T.2011.22,TB910,2776,871
BJD,2011-05-19,8.535,19.3,T.2011.22,TB910,2788,872
BJD,2011-05-25,26.07,5.3,T.2011.38,TB910,2789,873
BJD,2011-05-21,23.768,8,T.2011.31,TB910,2794,874
BJD,2011-05-21,11.704,6.8,T.2011.29,TB910,2795,875
BJD,2011-06-01,14.754,5,T.2011.48,TB910,2799,876
BJD,2011-05-21,5.505,3.4,T.2011.29,TB910,2800,877
BJD,2011-05-21,13.89,13.3,T.2011.29,TB910,2802,878
BJD,2011-05-21,18.663,6.5,T.2011.31,TB910,2808,879
BJD,2011-05-21,13.703,11.6,T.2011.33,TB910,2809,880
BJD,2011-05-17,7.799,0.3,T.2011.18,TB910,2810,881
BJD,2011-05-20,16.905,16.5,T.2011.27,TB910,2814,882
BJD,2011-05-20,6.807,11.9,T.2011.26,TB910,2819,883
BJD,2011-05-19,9.743,0,T.2011.25,TB910,2825,884
BJD,2011-05-26,21.261,3.6,T.2011.39,TB910,2829,885
BJD,2011-05-30,7.835,2.1,T.2011.42,TB910,2830,886
BJD,2011-05-19,17.968,4.9,T.2011.22,TB910,2831,887
BJD,2011-05-20,10.89,1.1,T.2011.26,TB910,2832,888
BJD,2011-05-20,12.921,2.8,T.2011.27,TB910,2836,889
BJD,2011-05-15,9.675,11,T.2011.13,TB910,2837,890
BJD,2011-05-15,16.455,2.8,T.2011.12,TB910,2841,891
BJD,2011-05-18,8.401,14.3,T.2011.21,TB910,2844,892
BJD,2011-05-24,18.175,0,T.2011.34,TB910,2851,893
BJD,2011-05-20,15.909,0,T.2011.27,TB910,2857,894
BJD,2011-05-14,14.811,11.8,T.2011.9,TB910,2858,895
BJD,2011-06-01,32.983,0,T.2011.48,TB910,2863,896
BJD,2011-05-16,9.373,9.4,T.2011.15,TB910,2867,897
BJD,2011-05-21,18.986,3.2,T.2011.33,TB910,2874,898
BJD,2011-05-18,6.843,7,T.2011.24,TB910,2875,899
BJD,2011-05-19,9.924,6.1,T.2011.23,TB910,2879,900
BJD,2011-05-16,25.858,3.6,T.2011.15,TB910,2883,901
BJD,2011-05-18,9.449,14.7,T.2011.21,TB910,2888,902
BJD,2011-05-20,11.076,8.1,T.2011.26,TB910,2892,903
BJD,2011-05-14,12.168,21.3,T.2011.9,TB910,2895,904
BJD,2011-05-15,20.843,20.5,T.2011.11,TB910,2903,905
BJD,2011-06-01,10.295,14.8,T.2011.48,TB910,2915,906
BJD,2011-05-20,12.547,7.9,T.2011.28,TB910,2919,907
BJD,2011-05-20,20.49,0.9,T.2011.30,TB910,2923,908
BJD,2011-05-14,14.651,12.9,T.2011.10,TB910,2925,909
BJD,2011-05-14,23.929,16.9,T.2011.9,TB910,2940,910
BJD,2011-05-15,12.41,5.8,T.2011.11,TB910,2941,911
BJD,2011-05-16,21.122,10.2,T.2011.16,TB910,2943,912
BJD,2011-05-16,9.114,13.8,T.2011.15,TB910,2945,913
BJD,2011-05-20,40.962,0,T.2011.26,TB910,2946,914
BJD,2011-05-17,11.751,7.5,T.2011.18,TB910,2950,915
BJD,2011-05-14,10.735,1.2,T.2011.10,TB910,2961,916
BJD,2011-05-20,2.957,0.4,T.2011.26,TB910,2962,917
BJD,2011-05-18,19.461,2.9,T.2011.24,TB910,2964,918
BJD,2011-05-24,23.804,6,T.2011.34,TB910,2966,919
BJD,2011-05-14,20.056,12.2,T.2011.9,TB910,2967,920
BJD,2011-05-15,9.817,NA,T.2011.14,TB910,2968,921
BJD,2011-05-18,8.034,12.4,T.2011.20,TB910,2970,922
BJD,2011-05-18,8.034,12.4,T.2011.20,TB910,2970,923
BJD,2011-05-14,9.885,14.1,T.2011.10,TB910,2974,924
BJD,2011-05-20,26.818,4,T.2011.26,TB910,2978,925
BJD,2011-05-21,16.111,3.8,T.2011.32,TB910,2980,926
BJD,2011-05-20,32.843,6.9,T.2011.28,TB910,2981,927
BJD,2011-05-21,14.051,8.1,T.2011.31,TB910,2989,928
BJD,2011-05-15,23.167,6.5,T.2011.11,TB910,2994,929
BJD,2011-05-15,22.963,17.5,T.2011.11,TB910,2996,930
BJD,2011-05-20,8.843,7.7,T.2011.27,TB910,2997,931
BJD,2011-05-16,18.906,13.1,T.2011.15,TB910,3001,932
BJD,2011-05-18,15.9155,1.3,T.2011.20,TB910,3002,933
BJD,2011-05-15,14.047,22.6,T.2011.11,TB910,3005,934
BJD,2011-05-21,14.469,0.2,T.2011.33,TB910,3012,935
BJD,2011-06-01,14.523,4.7,T.2011.47,TB910,3022,936
BJD,2011-05-30,34.757,0,T.2011.43,TB910,3025,937
BJD,2011-05-17,12.28,5.9,T.2011.19,TB910,3036,938
BJD,2011-05-20,21.595,7.4,T.2011.27,TB910,3040,939
BJD,2011-05-20,21.437,2.7,T.2011.27,TB910,3064,940
BJD,2011-05-15,33.149,13.3,T.2011.13,TB910,3067,941
BJD,2011-05-19,15.049,19.6,T.2011.25,TB910,3079,942
BJD,2011-05-15,11.759,0.3,T.2011.12,TB910,3091,943
BJD,2011-05-21,16.793,2.1,T.2011.29,TB910,3094,944
BJD,2011-05-15,16.021,10.5,T.2011.14,TB910,3095,945
BJD,2011-05-15,18.91,12.1,T.2011.13,TB910,3104,946
BJD,2011-05-15,14.023,4.4,T.2011.13,TB910,3112,947
BJD,2011-05-15,16.712,2.4,T.2011.13,TB910,3124,948
BJD,2011-05-20,9.882,0.6,T.2011.27,TB910,3128,949
BJD,2011-05-20,15.783,4.5,T.2011.26,TB910,3140,950
BJD,2011-05-21,12.756,3,T.2011.33,TB910,3148,951
BJD,2011-05-20,20.227,4.2,T.2011.27,TB910,3182,952
BJD,2011-05-21,3.458,0.2,T.2011.33,TB910,3190,953
BJD,2011-05-15,14.539,5.1,T.2011.13,TB910,3193,954
BJD,2011-05-30,15.752,8.5,T.2011.42,TB910,3194,955
BJD,2011-05-26,27.167,0.7,T.2011.39,TB910,3204,956
BJD,2011-05-19,9.753,1,T.2011.22,TB910,3212,957
BJD,2011-05-18,10.76,1.4,T.2011.20,TB910,3223,958
BJD,2011-05-26,19.277,0,T.2011.40,TB910,3225,959
BJD,2011-05-31,39.153,7.3,T.2011.44,TB910,3233,960
BJD,2011-05-31,10.227,0,T.2011.45,TB910,3235,961
BJD,2011-05-30,5.909,4.8,T.2011.43,TB910,3241,962
BJD,2011-06-01,12.944,0,T.2011.46,TB910,3256,963
BJD,2011-05-31,8.352,1.2,T.2011.45,TB910,3258,964
BJD,2011-05-30,17.422,0.6,T.2011.43,TB910,3267,965
BJD,2011-05-26,36.651,9,T.2011.40,TB910,3268,966
BJD,2011-05-30,25.5,11.6,T.2011.43,TB910,3277,967
BJD,2011-06-01,11.573,14.5,T.2011.47,TB910,3283,968
BJD,2011-05-30,11.077,0,T.2011.42,TB910,3308,969
BJD,2011-05-26,11.741,5.1,T.2011.40,TB910,3309,970
BJD,2011-05-30,6.652,0.1,T.2011.42,TB910,3318,971
BJD,2011-05-30,7.534,0,T.2011.42,TB910,3319,972
BJD,2011-05-26,18.157,19,T.2011.40,TB910,3324,973
BJD,2011-05-29,19.315,0,T.2011.41,TB910,3325,974
BJD,2011-05-30,12.669,0.1,T.2011.43,TB910,3326,975
BJD,2011-05-31,35.326,0,T.2011.44,TB910,3329,976
BJD,2011-05-31,11.505,6.2,T.2011.44,TB910,3330,977
BJD,2011-06-01,5.719,0,T.2011.48,TB910,3334,978
BJD,2011-05-15,31.766,2.2,T.2011.14,TB910,3342,979
BJD,2011-06-01,10.966,7.6,T.2011.46,TB910,3346,980
BJD,2011-05-15,19.414,2.3,T.2011.14,TB910,3350,981
BJD,2011-05-15,18.067,3.2,T.2011.13,TB910,3351,982
BJD,2011-05-30,3.727,0,T.2011.43,TB910,3354,983
BJD,2011-05-30,17.051,0,T.2011.43,TB910,3357,984
BJD,2011-05-21,13.1,2.8,T.2011.31,TB910,3362,985
BJD,2011-05-15,9.199,13.9,T.2011.14,TB910,3365,986
BJD,2011-05-17,10.329,17.3,T.2011.17,TB910,3366,987
BJD,2011-05-30,22.933,10.1,T.2011.42,TB910,3368,988
BJD,2011-05-18,12.601,0,T.2011.20,TB910,3369,989
BJD,2011-06-01,30.367,4.1,T.2011.48,TB910,3375,990
BJD,2011-05-31,71.996,0.9,T.2011.44,TB910,3378,991
BJD,2011-05-30,16.27,3.4,T.2011.43,TB910,3379,992
BJD,2011-05-30,17.329,0.6,T.2011.43,TB910,3381,993
BJD,2011-05-15,18.089,1,T.2011.14,TB910,3383,994
BJD,2011-05-30,8.035,0,T.2011.43,TB910,3386,995
BJD,2011-05-31,40.438,7.9,T.2011.44,TB910,3391,996
BJD,2011-05-30,15.379,13,T.2011.42,TB910,3398,997
BJD,2011-05-26,15.252,17.6,T.2011.40,TB910,3400,998
BJD,2011-05-29,32.793,7,T.2011.41,TB910,3401,999
BJD,2011-05-31,28.989,5.2,T.2011.45,TB910,3402,1000
BJD,2011-05-30,24.931,4.4,T.2011.43,TB910,3404,1001
BJD,2011-05-30,41.624,1,T.2011.42,TB910,3407,1002
BJD,2011-05-24,12.804,2.1,T.2011.34,TB910,3415,1003
BJD,2011-05-25,33.709,10.7,T.2011.36,TB910,3419,1004
BJD,2011-05-24,7.459,0,T.2011.34,TB910,3420,1005
BJD,2011-05-24,16.145,17,T.2011.34,TB910,3422,1006
BJD,2011-05-21,21.498,3.6,T.2011.29,TB910,3429,1007
BJD,2011-05-21,12.676,4.8,T.2011.31,TB910,3431,1008
BJD,2011-05-21,18.873,6.5,T.2011.29,TB910,3434,1009
BJD,2011-05-26,13.632,4,T.2011.39,TB910,3435,1010
BJD,2011-05-21,7.825,1.6,T.2011.33,TB910,3441,1011
BJD,2011-05-21,21.334,0.3,T.2011.31,TB910,3443,1012
BJD,2011-06-01,22.579,6.2,T.2011.46,TB910,3451,1013
BJD,2011-05-31,5.448,4.4,T.2011.45,TB910,3453,1014
BJD,2011-05-31,12.557,6.8,T.2011.45,TB910,3460,1015
BJD,2011-05-21,12.865,3.8,T.2011.29,TB910,3461,1016
BJD,2011-05-29,20.414,5.6,T.2011.41,TB910,3471,1017
BJD,2011-05-20,13.196,20.3,T.2011.28,TB910,3476,1018
BJD,2011-05-30,11.84,0.8,T.2011.42,TB910,3480,1019
BJD,2011-05-21,13.289,1.6,T.2011.31,TB910,3482,1020
BJD,2011-05-26,16.416,1.6,T.2011.39,TB910,3485,1021
BJD,2011-06-01,25.259,8.2,T.2011.48,TB910,3488,1022
BJD,2011-06-01,20.338,7.9,T.2011.48,TB910,3489,1023
BJD,2011-05-26,15.247,13.6,T.2011.39,TB910,3490,1024
BJD,2011-05-24,16.24,0,T.2011.34,TB910,3495,1025
BJD,2011-05-21,16.498,13.1,T.2011.32,TB910,3499,1026
BJD,2011-05-21,17.288,4.5,T.2011.29,TB910,3500,1027
BJD,2011-05-21,9.193,3.2,T.2011.31,TB910,3501,1028
BJD,2011-05-26,8.78,8.7,T.2011.40,TB910,3504,1029
BJD,2011-05-21,18.238,0.6,T.2011.31,TB910,3505,1030
BJD,2011-05-21,17.854,16.5,T.2011.31,TB910,3506,1031
BJD,2011-05-30,23.412,22.5,T.2011.42,TB910,3509,1032
BJD,2011-05-21,16.255,12.9,T.2011.31,TB910,3510,1033
BJD,2011-05-21,25.704,5.8,T.2011.29,TB910,3517,1034
BJD,2011-05-21,18.926,15.2,T.2011.29,TB910,3519,1035
BJD,2011-05-21,16.051,0.8,T.2011.29,TB910,3520,1036
BJD,2011-05-24,14.369,2.5,T.2011.34,TB910,3535,1037
BJD,2011-05-30,11.136,2,T.2011.42,TB910,3541,1038
BJD,2011-05-21,19.387,0,T.2011.31,TB910,3569,1039
BJD,2011-05-20,9.19,4.2,T.2011.28,TB910,3655,1040
BJD,2011-05-31,15.29,0,T.2011.44,TB910,3670,1041
BJD,2011-05-26,17.147,11.4,T.2011.39,TB910,3677,1042
BJD,2011-05-21,8.433,10.8,T.2011.31,TB910,3689,1043
BJD,2011-05-21,10.14,4.6,T.2011.29,TB910,3691,1044
BJD,2011-05-25,15.563,1,T.2011.38,TB910,3694,1045
BJD,2011-05-31,19.841,0,T.2011.44,TB910,3698,1046
BJD,2011-06-01,13.668,7.2,T.2011.47,TB910,3701,1047
BJD,2011-05-30,6.069,1.2,T.2011.43,TB910,3702,1048
BJD,2011-05-31,10.076,7.8,T.2011.45,TB910,3715,1049
BJD,2011-05-30,89.461,0,T.2011.43,TB910,3724,1050
BJD,2011-06-01,65.066,0,T.2011.46,TB910,3727,1051
BJD,2011-05-21,9.25,3.8,T.2011.33,TB910,3733,1052
BJD,2011-05-29,34.454,7.4,T.2011.41,TB910,3744,1053
BJD,2011-05-30,10.848,0,T.2011.43,TB910,3756,1054
BJD,2011-05-21,15.867,4.4,T.2011.31,TB910,3762,1055
BJD,2011-05-21,22.991,6,T.2011.33,TB910,3763,1056
BJD,2011-05-26,24.93,4.3,T.2011.40,TB910,3767,1057
BJD,2011-05-21,35.959,0.3,T.2011.29,TB910,3768,1058
BJD,2011-05-21,11.001,3.2,T.2011.31,TB910,3773,1059
BJD,2011-05-21,17.436,17,T.2011.33,TB910,3776,1060
BJD,2011-05-25,19.717,9.6,T.2011.38,TB910,3777,1061
BJD,2011-05-21,47.346,0,T.2011.29,TB910,3780,1062
BJD,2011-05-21,33.21,6,T.2011.33,TB910,3781,1063
BJD,2011-05-21,13.519,5.8,T.2011.31,TB910,3783,1064
BJD,2011-05-21,14.988,3.8,T.2011.29,TB910,3785,1065
BJD,2011-05-20,10.942,2.9,T.2011.28,TB910,3786,1066
BJD,2011-05-21,13.631,2.2,T.2011.29,TB910,3790,1067
BJD,2011-06-01,19.317,0,T.2011.48,TB910,3794,1068
BJD,2011-05-21,18.47,7.8,T.2011.33,TB910,3797,1069
BJD,2011-05-21,20.589,7.4,T.2011.29,TB910,3798,1070
BJD,2011-05-21,10.965,5.6,T.2011.29,TB910,3801,1071
BJD,2011-05-21,12.332,2.8,T.2011.29,TB910,3802,1072
BJD,2011-05-21,15.205,3.2,T.2011.29,TB910,3804,1073
BJD,2011-05-21,21.628,3.2,T.2011.33,TB910,3806,1074
BJD,2011-05-21,44.167,13.1,T.2011.31,TB910,3807,1075
BJD,2011-05-21,8.49,9.7,T.2011.29,TB910,3811,1076
BJD,2011-05-21,20.209,0.8,T.2011.29,TB910,3817,1077
BJD,2011-05-21,19.245,1.9,T.2011.33,TB910,3819,1078
BJD,2011-05-20,56.06,10,T.2011.28,TB910,3822,1079
BJD,2011-05-26,52.162,0,T.2011.40,TB910,3823,1080
BJD,2011-05-24,18.109,14.6,T.2011.34,TB910,3825,1081
BJD,2011-05-21,12.373,2.1,T.2011.29,TB910,3826,1082
BJD,2011-05-21,15.913,3,T.2011.33,TB910,3827,1083
BJD,2011-05-30,20.845,1.4,T.2011.43,TB910,3832,1084
BJD,2011-05-21,11.891,0.3,T.2011.32,TB910,3836,1085
BJD,2011-05-20,17.644,9.1,T.2011.28,TB910,3837,1086
BJD,2011-05-24,37.002,0,T.2011.34,TB910,3840,1087
BJD,2011-05-21,25.004,1.9,T.2011.29,TB910,3843,1088
BJD,2011-05-24,14.106,4.3,T.2011.34,TB910,3844,1089
BJD,2011-05-25,26.648,6,T.2011.37,TB910,3850,1090
BJD,2011-05-20,15.911,0,T.2011.28,TB910,3853,1091
BJD,2011-05-21,11.858,1.6,T.2011.31,TB910,3860,1092
BJD,2011-05-21,13.838,20,T.2011.33,TB910,3861,1093
BJD,2011-05-21,12.34,8,T.2011.31,TB910,3863,1094
BJD,2011-05-20,18.549,6,T.2011.28,TB910,3870,1095
BJD,2011-05-21,23.951,1.1,T.2011.33,TB910,3872,1096
BJD,2011-05-20,9.848,3.1,T.2011.28,TB910,3873,1097
BJD,2011-05-21,9.531,2.7,T.2011.29,TB910,3877,1098
BJD,2011-05-21,14.851,1.3,T.2011.33,TB910,3879,1099
BJD,2011-05-21,10.929,5.7,T.2011.29,TB910,3890,1100
BJD,2011-05-21,29.618,12.9,T.2011.31,TB910,3894,1101
BJD,2011-05-24,181.749,17.3,T.2011.34,TB910,3896,1102
BJD,2011-05-21,20.113,14.5,T.2011.33,TB910,3898,1103
BJD,2011-05-24,14.467,6.9,T.2011.34,TB910,3906,1104
BJD,2011-05-20,15.353,3.1,T.2011.28,TB910,3911,1105
BJD,2011-05-20,5.069,5.1,T.2011.28,TB910,3912,1106
BJD,2011-05-26,23.82,3.6,T.2011.39,TB910,3923,1107
BJD,2011-05-24,13.489,11.3,T.2011.34,TB910,3925,1108
BJD,2011-05-31,33.921,10,T.2011.45,TB910,3926,1109
BJD,2011-05-26,11.564,10.7,T.2011.39,TB910,161,1110
BJD,2011-05-26,11.564,10.7,T.2011.39,TB910,162,1111
BJD,2011-06-01,15.276,7.7,T.2011.46,TB910,161,1112
BJD,2011-06-01,15.276,7.7,T.2011.46,TB910,162,1113
BJD,2011-05-21,9.611,2.3,T.2011.29,TB910,3934,1114
BJD,2011-05-21,18.387,1.5,T.2011.29,TB910,3937,1115
BJD,2011-05-20,5.235,3,T.2011.28,TB910,3939,1116
BJD,2011-05-20,13.642,0,T.2011.28,TB910,3942,1117
BJD,2011-05-25,10.003,0,T.2011.35,TB910,3946,1118
BJD,2011-05-26,13.646,19.6,T.2011.39,TB910,3949,1119
BJD,2011-05-25,38.136,0,T.2011.38,TB910,3953,1120
BJD,2011-05-20,13.623,1.6,T.2011.28,TB910,3954,1121
BJD,2011-05-21,21.401,4.6,T.2011.31,TB910,3961,1122
BJD,2011-05-21,19.832,15.2,T.2011.31,TB910,3965,1123
BJD,2011-05-25,11.127,12.1,T.2011.35,TB910,3968,1124
BJD,2011-05-21,17.699,6.1,T.2011.31,TB910,3972,1125
BJD,2011-05-24,10.71,0.4,T.2011.34,TB910,3976,1126
BJD,2011-05-21,21.903,2.2,T.2011.29,TB910,3981,1127
BJD,2011-06-01,22.467,0,T.2011.48,TB910,4000,1128
BJD,2011-06-01,12.181,6,T.2011.48,TB910,4004,1129
BJD,2011-05-21,13.716,2,T.2011.29,TB910,4011,1130
BJD,2011-05-21,24.882,2.4,T.2011.29,TB910,4020,1131
BJD,2011-05-24,26.752,0,T.2011.34,TB910,4022,1132
BJD,2011-06-01,20.26,0,T.2011.48,TB910,4023,1133
BJD,2011-06-01,48.576,5.2,T.2011.48,TB910,4036,1134
BJD,2011-05-21,18.149,3.3,T.2011.29,TB910,4038,1135
BJD,2011-05-21,24.956,4.6,T.2011.31,TB910,4052,1136
BJD,2011-05-25,9.711,7.5,T.2011.35,TB910,4053,1137
BJD,2011-05-24,136.849,0,T.2011.34,TB910,4054,1138
BJD,2011-05-21,14.356,0.6,T.2011.31,TB910,4063,1139
BJD,2011-06-01,9.87,14.8,T.2011.47,TB910,4068,1140
BJD,2011-05-21,17.958,1.5,T.2011.29,TB910,4069,1141
BJD,2011-05-25,17.858,4.8,T.2011.35,TB910,4070,1142
BJD,2011-05-21,22.845,8.7,T.2011.31,TB910,4076,1143
BJD,2011-05-21,19.491,5,T.2011.31,TB910,4078,1144
BJD,2011-05-21,18.105,1.8,T.2011.31,TB910,4081,1145
BJD,2011-05-20,42.378,0.5,T.2011.28,TB910,4086,1146
BJD,NA,3.5,NA,T.LTGrid.2008.2 (mixed),TB910,6859,1147
BJD,NA,13.503,NA,T.HighCVs.Field1,TB910,6919,1148
BJD,NA,4.091,NA,T.LTGrid.2008.14,TB910,6976,1149
BJD,NA,5.585,NA,T.LTGrid.2008.15,TB910,7109,1150
BJD,NA,4.096,NA,T.LTGrid.2008.14,TB910,7131,1151
BJD,NA,9.074,NA,T.LTGrid.2008.17,TB910,7185,1152
BJD,NA,7.262,NA,T.LTGrid.2008.15,TB910,7197,1153
BJD,NA,9.081,NA,T.LTGrid.2008.14,TB910,7233,1154
BJD,2011-05-12,13.234,6,T.2011.2,TB910,7266,1155
